,,PltRpt=1 Group=1 new alamar blue(1) De=1st Ex=Top Em=Top Wdw=N/A (14),
Plate,Well,Signal,
1,A01,142634,
1,A02,92448,
1,A03,104287,
1,A04,115778,
1,A05,166912,
1,A06,105122,
1,A07,109505,
1,A08,83230,
1,A09,91692,
1,A10,84255,
1,A11,102378,
1,A12,130469,
1,A13,118284,
1,A14,130621,
1,A15,88012,
1,A16,92489,
1,A17,110791,
1,A18,98978,
1,A19,101286,
1,A20,118541,
1,A21,105427,
1,A22,127598,
1,A23,132778,
1,A24,247358,
1,B01,113439,
1,B02,80752,
1,B03,105139,
1,B04,176122,
1,B05,105143,
1,B06,81951,
1,B07,57367,
1,B08,93028,
1,B09,82111,
1,B10,86671,
1,B11,57265,
1,B12,62459,
1,B13,106928,
1,B14,98619,
1,B15,87717,
1,B16,94696,
1,B17,89739,
1,B18,85228,
1,B19,109618,
1,B20,83406,
1,B21,187832,
1,B22,91336,
1,B23,126273,
1,B24,118962,
1,C01,122244,
1,C02,91640,
1,C03,53687,
1,C04,56031,
1,C05,79611,
1,C06,80952,
1,C07,80554,
1,C08,84755,
1,C09,78323,
1,C10,54909,
1,C11,60594,
1,C12,93031,
1,C13,92918,
1,C14,100017,
1,C15,99169,
1,C16,86565,
1,C17,83732,
1,C18,103528,
1,C19,84924,
1,C20,88756,
1,C21,77698,
1,C22,90894,
1,C23,78170,
1,C24,116470,
1,D01,94990,
1,D02,91034,
1,D03,114619,
1,D04,116545,
1,D05,129323,
1,D06,83440,
1,D07,91376,
1,D08,78307,
1,D09,93899,
1,D10,234113,
1,D11,140736,
1,D12,134236,
1,D13,115238,
1,D14,90314,
1,D15,111236,
1,D16,56587,
1,D17,95751,
1,D18,82663,
1,D19,96720,
1,D20,80526,
1,D21,86495,
1,D22,88916,
1,D23,100444,
1,D24,138446,
1,E01,139677,
1,E02,102190,
1,E03,66142,
1,E04,57325,
1,E05,82334,
1,E06,92744,
1,E07,89576,
1,E08,88089,
1,E09,82230,
1,E10,48436,
1,E11,67998,
1,E12,92534,
1,E13,113019,
1,E14,110266,
1,E15,97523,
1,E16,107750,
1,E17,92123,
1,E18,92698,
1,E19,84817,
1,E20,96222,
1,E21,92150,
1,E22,98997,
1,E23,109875,
1,E24,137233,
1,F01,197334,
1,F02,99650,
1,F03,147462,
1,F04,151170,
1,F05,127304,
1,F06,98727,
1,F07,92347,
1,F08,103488,
1,F09,63659,
1,F10,94133,
1,F11,111480,
1,F12,92836,
1,F13,103346,
1,F14,100515,
1,F15,104012,
1,F16,88803,
1,F17,105486,
1,F18,100116,
1,F19,80432,
1,F20,80180,
1,F21,93924,
1,F22,105138,
1,F23,101448,
1,F24,130004,
1,G01,202660,
1,G02,99644,
1,G03,77041,
1,G04,59855,
1,G05,92015,
1,G06,119700,
1,G07,89472,
1,G08,111645,
1,G09,92260,
1,G10,51278,
1,G11,50176,
1,G12,95020,
1,G13,100363,
1,G14,110131,
1,G15,84617,
1,G16,116283,
1,G17,105856,
1,G18,131312,
1,G19,107599,
1,G20,111705,
1,G21,120114,
1,G22,121150,
1,G23,116851,
1,G24,173320,
1,H01,166345,
1,H02,77375,
1,H03,83318,
1,H04,81562,
1,H05,101078,
1,H06,75857,
1,H07,89131,
1,H08,85094,
1,H09,103161,
1,H10,91128,
1,H11,128198,
1,H12,88010,
1,H13,89198,
1,H14,102841,
1,H15,89186,
1,H16,80952,
1,H17,108427,
1,H18,90578,
1,H19,113487,
1,H20,102927,
1,H21,114687,
1,H22,82480,
1,H23,130659,
1,H24,127037,
1,I01,140179,
1,I02,191626,
1,I03,97719,
1,I04,66789,
1,I05,112007,
1,I06,103584,
1,I07,101413,
1,I08,99468,
1,I09,75805,
1,I10,51793,
1,I11,53681,
1,I12,117265,
1,I13,111340,
1,I14,122067,
1,I15,105235,
1,I16,110777,
1,I17,94857,
1,I18,125876,
1,I19,107974,
1,I20,127182,
1,I21,111195,
1,I22,125414,
1,I23,124033,
1,I24,217403,
1,J01,57021,
1,J02,98566,
1,J03,111817,
1,J04,102325,
1,J05,79379,
1,J06,87328,
1,J07,99836,
1,J08,55655,
1,J09,68295,
1,J10,101031,
1,J11,97023,
1,J12,94752,
1,J13,97227,
1,J14,85243,
1,J15,112119,
1,J16,90717,
1,J17,122665,
1,J18,88810,
1,J19,95713,
1,J20,101045,
1,J21,56906,
1,J22,99020,
1,J23,126542,
1,J24,102905,
1,K01,274173,
1,K02,145216,
1,K03,63679,
1,K04,80216,
1,K05,113043,
1,K06,137596,
1,K07,102313,
1,K08,99248,
1,K09,91869,
1,K10,49844,
1,K11,55734,
1,K12,95460,
1,K13,98534,
1,K14,108199,
1,K15,98819,
1,K16,106350,
1,K17,96386,
1,K18,113448,
1,K19,91195,
1,K20,108056,
1,K21,112880,
1,K22,118368,
1,K23,96811,
1,K24,156993,
1,L01,143429,
1,L02,85749,
1,L03,86479,
1,L04,108504,
1,L05,97801,
1,L06,98680,
1,L07,105022,
1,L08,93161,
1,L09,108031,
1,L10,97215,
1,L11,63191,
1,L12,103996,
1,L13,36597,
1,L14,74828,
1,L15,112556,
1,L16,71525,
1,L17,109091,
1,L18,95087,
1,L19,104710,
1,L20,95859,
1,L21,76297,
1,L22,121077,
1,L23,76224,
1,L24,225799,
1,M01,154049,
1,M02,145284,
1,M03,100546,
1,M04,68958,
1,M05,159879,
1,M06,123485,
1,M07,91680,
1,M08,117195,
1,M09,93879,
1,M10,50181,
1,M11,57845,
1,M12,98610,
1,M13,96368,
1,M14,111782,
1,M15,109720,
1,M16,103468,
1,M17,89245,
1,M18,124354,
1,M19,100054,
1,M20,125344,
1,M21,138794,
1,M22,125516,
1,M23,136925,
1,M24,193293,
1,N01,187351,
1,N02,182936,
1,N03,110504,
1,N04,105848,
1,N05,99441,
1,N06,90232,
1,N07,123742,
1,N08,98056,
1,N09,87968,
1,N10,101985,
1,N11,139656,
1,N12,88244,
1,N13,90077,
1,N14,83296,
1,N15,87400,
1,N16,99823,
1,N17,94484,
1,N18,43158,
1,N19,94124,
1,N20,111305,
1,N21,76435,
1,N22,94874,
1,N23,124203,
1,N24,158140,
1,O01,151019,
1,O02,187244,
1,O03,113227,
1,O04,192189,
1,O05,176854,
1,O06,156834,
1,O07,128129,
1,O08,106171,
1,O09,98015,
1,O10,113587,
1,O11,91950,
1,O12,108063,
1,O13,114931,
1,O14,145151,
1,O15,160122,
1,O16,156108,
1,O17,142163,
1,O18,122457,
1,O19,108579,
1,O20,126346,
1,O21,184776,
1,O22,307480,
1,O23,143420,
1,O24,143631,
1,P01,234822,
1,P02,140580,
1,P03,113670,
1,P04,113865,
1,P05,135194,
1,P06,104258,
1,P07,121300,
1,P08,98179,
1,P09,104284,
1,P10,167421,
1,P11,167129,
1,P12,159607,
1,P13,116452,
1,P14,108231,
1,P15,149232,
1,P16,187644,
1,P17,251348,
1,P18,207460,
1,P19,187454,
1,P20,153809,
1,P21,112727,
1,P22,126509,
1,P23,153466,
1,P24,272947,

,,PltRpt=1 Group=1 new alamar blue(1) De=1st Ex=Top Em=Top Wdw=N/A (14),
Plate,Well,Signal,
2,A01,116607,
2,A02,159662,
2,A03,122679,
2,A04,103595,
2,A05,115793,
2,A06,91876,
2,A07,131639,
2,A08,92538,
2,A09,124863,
2,A10,215366,
2,A11,284277,
2,A12,133249,
2,A13,201399,
2,A14,567504,
2,A15,107372,
2,A16,192714,
2,A17,138889,
2,A18,120481,
2,A19,131170,
2,A20,117679,
2,A21,125026,
2,A22,129417,
2,A23,175461,
2,A24,258833,
2,B01,174131,
2,B02,111798,
2,B03,89001,
2,B04,244136,
2,B05,153017,
2,B06,85799,
2,B07,73725,
2,B08,88679,
2,B09,91958,
2,B10,100989,
2,B11,54248,
2,B12,101398,
2,B13,122140,
2,B14,124827,
2,B15,209126,
2,B16,83379,
2,B17,93273,
2,B18,93908,
2,B19,79485,
2,B20,98239,
2,B21,87829,
2,B22,77861,
2,B23,97054,
2,B24,113249,
2,C01,165765,
2,C02,83927,
2,C03,50074,
2,C04,56904,
2,C05,104123,
2,C06,98562,
2,C07,85603,
2,C08,101312,
2,C09,210384,
2,C10,51354,
2,C11,47124,
2,C12,104529,
2,C13,103354,
2,C14,95853,
2,C15,91156,
2,C16,91361,
2,C17,81252,
2,C18,109109,
2,C19,99428,
2,C20,87018,
2,C21,97106,
2,C22,83880,
2,C23,121011,
2,C24,129648,
2,D01,126117,
2,D02,89391,
2,D03,89226,
2,D04,91914,
2,D05,85298,
2,D06,91201,
2,D07,94075,
2,D08,93510,
2,D09,121080,
2,D10,129660,
2,D11,99509,
2,D12,183234,
2,D13,89126,
2,D14,100837,
2,D15,97652,
2,D16,61178,
2,D17,97111,
2,D18,109512,
2,D19,100610,
2,D20,90586,
2,D21,100430,
2,D22,77038,
2,D23,101254,
2,D24,153238,
2,E01,215504,
2,E02,98849,
2,E03,54203,
2,E04,55780,
2,E05,132857,
2,E06,164236,
2,E07,120292,
2,E08,113007,
2,E09,93943,
2,E10,46937,
2,E11,48487,
2,E12,133275,
2,E13,83394,
2,E14,117755,
2,E15,149536,
2,E16,110901,
2,E17,256666,
2,E18,113075,
2,E19,116736,
2,E20,108779,
2,E21,99875,
2,E22,117684,
2,E23,109714,
2,E24,135744,
2,F01,106050,
2,F02,134275,
2,F03,97097,
2,F04,125883,
2,F05,114958,
2,F06,118215,
2,F07,151566,
2,F08,129186,
2,F09,74431,
2,F10,97911,
2,F11,154037,
2,F12,96321,
2,F13,81085,
2,F14,84720,
2,F15,98733,
2,F16,88057,
2,F17,129819,
2,F18,115882,
2,F19,138379,
2,F20,92740,
2,F21,113567,
2,F22,116594,
2,F23,113589,
2,F24,174235,
2,G01,120778,
2,G02,212084,
2,G03,81606,
2,G04,88649,
2,G05,99648,
2,G06,93500,
2,G07,111254,
2,G08,121648,
2,G09,109013,
2,G10,48343,
2,G11,56250,
2,G12,102777,
2,G13,103111,
2,G14,114856,
2,G15,120321,
2,G16,115614,
2,G17,129353,
2,G18,106073,
2,G19,105018,
2,G20,109213,
2,G21,122813,
2,G22,111733,
2,G23,95746,
2,G24,168523,
2,H01,155164,
2,H02,77258,
2,H03,146886,
2,H04,96455,
2,H05,110669,
2,H06,101266,
2,H07,88466,
2,H08,123718,
2,H09,116564,
2,H10,137934,
2,H11,109458,
2,H12,97475,
2,H13,109893,
2,H14,67024,
2,H15,112229,
2,H16,84593,
2,H17,112016,
2,H18,111822,
2,H19,104044,
2,H20,96220,
2,H21,108080,
2,H22,106196,
2,H23,76131,
2,H24,135729,
2,I01,149807,
2,I02,114656,
2,I03,58498,
2,I04,56421,
2,I05,91760,
2,I06,101236,
2,I07,106960,
2,I08,125715,
2,I09,100463,
2,I10,54351,
2,I11,56944,
2,I12,99380,
2,I13,97851,
2,I14,112677,
2,I15,119621,
2,I16,98857,
2,I17,107247,
2,I18,108337,
2,I19,105391,
2,I20,113587,
2,I21,98489,
2,I22,101835,
2,I23,93391,
2,I24,266947,
2,J01,115918,
2,J02,144018,
2,J03,206312,
2,J04,106536,
2,J05,94858,
2,J06,105730,
2,J07,151314,
2,J08,75361,
2,J09,105940,
2,J10,97620,
2,J11,139849,
2,J12,113272,
2,J13,111979,
2,J14,108279,
2,J15,118775,
2,J16,109922,
2,J17,118328,
2,J18,127589,
2,J19,101423,
2,J20,93661,
2,J21,73786,
2,J22,77753,
2,J23,102144,
2,J24,107515,
2,K01,167474,
2,K02,97518,
2,K03,47041,
2,K04,75228,
2,K05,149533,
2,K06,160481,
2,K07,224938,
2,K08,126238,
2,K09,104870,
2,K10,63012,
2,K11,58098,
2,K12,115844,
2,K13,110681,
2,K14,146326,
2,K15,106891,
2,K16,140721,
2,K17,142424,
2,K18,117806,
2,K19,137134,
2,K20,120643,
2,K21,285543,
2,K22,144601,
2,K23,108294,
2,K24,228523,
2,L01,122479,
2,L02,45716,
2,L03,189750,
2,L04,153661,
2,L05,164717,
2,L06,166234,
2,L07,180512,
2,L08,127359,
2,L09,110153,
2,L10,128785,
2,L11,95311,
2,L12,150451,
2,L13,36126,
2,L14,72134,
2,L15,158804,
2,L16,87147,
2,L17,152203,
2,L18,134151,
2,L19,145593,
2,L20,147572,
2,L21,114162,
2,L22,199970,
2,L23,92616,
2,L24,157352,
2,M01,174144,
2,M02,278604,
2,M03,45023,
2,M04,51551,
2,M05,151800,
2,M06,172308,
2,M07,157835,
2,M08,236073,
2,M09,173389,
2,M10,68628,
2,M11,69431,
2,M12,167752,
2,M13,183895,
2,M14,303770,
2,M15,118446,
2,M16,150665,
2,M17,178359,
2,M18,168274,
2,M19,111454,
2,M20,118085,
2,M21,150029,
2,M22,121216,
2,M23,132929,
2,M24,240172,
2,N01,122829,
2,N02,113047,
2,N03,100989,
2,N04,115162,
2,N05,76355,
2,N06,113287,
2,N07,123364,
2,N08,181815,
2,N09,112170,
2,N10,115172,
2,N11,185936,
2,N12,163230,
2,N13,106391,
2,N14,159475,
2,N15,192451,
2,N16,118354,
2,N17,127389,
2,N18,42779,
2,N19,154193,
2,N20,93565,
2,N21,88245,
2,N22,70102,
2,N23,109948,
2,N24,226630,
2,O01,176611,
2,O02,199930,
2,O03,431253,
2,O04,150884,
2,O05,124139,
2,O06,308902,
2,O07,155526,
2,O08,195603,
2,O09,212153,
2,O10,222813,
2,O11,209324,
2,O12,185703,
2,O13,357110,
2,O14,291955,
2,O15,215441,
2,O16,207480,
2,O17,177355,
2,O18,190859,
2,O19,160944,
2,O20,152142,
2,O21,173331,
2,O22,168116,
2,O23,195748,
2,O24,220282,
2,P01,233076,
2,P02,418460,
2,P03,267738,
2,P04,353831,
2,P05,299300,
2,P06,186245,
2,P07,359207,
2,P08,198156,
2,P09,277107,
2,P10,256301,
2,P11,212342,
2,P12,215629,
2,P13,262410,
2,P14,241187,
2,P15,291927,
2,P16,355405,
2,P17,217406,
2,P18,243934,
2,P19,150682,
2,P20,121256,
2,P21,119829,
2,P22,141872,
2,P23,365266,
2,P24,304528,

,,PltRpt=1 Group=1 new alamar blue(1) De=1st Ex=Top Em=Top Wdw=N/A (14),
Plate,Well,Signal,
3,A01,254701,
3,A02,471831,
3,A03,393599,
3,A04,348468,
3,A05,129399,
3,A06,209137,
3,A07,160599,
3,A08,105164,
3,A09,201371,
3,A10,167708,
3,A11,148972,
3,A12,389200,
3,A13,276479,
3,A14,528065,
3,A15,433054,
3,A16,385560,
3,A17,179938,
3,A18,301669,
3,A19,328949,
3,A20,307050,
3,A21,230064,
3,A22,475123,
3,A23,189747,
3,A24,391303,
3,B01,323381,
3,B02,121153,
3,B03,89451,
3,B04,121038,
3,B05,152581,
3,B06,103907,
3,B07,68286,
3,B08,92507,
3,B09,94736,
3,B10,116035,
3,B11,71504,
3,B12,107637,
3,B13,100339,
3,B14,200757,
3,B15,97328,
3,B16,83123,
3,B17,79466,
3,B18,75016,
3,B19,90193,
3,B20,99953,
3,B21,93943,
3,B22,116734,
3,B23,139271,
3,B24,297468,
3,C01,125462,
3,C02,90939,
3,C03,39143,
3,C04,44290,
3,C05,83187,
3,C06,94922,
3,C07,96445,
3,C08,89964,
3,C09,80448,
3,C10,47125,
3,C11,68157,
3,C12,82595,
3,C13,108032,
3,C14,109684,
3,C15,112064,
3,C16,84333,
3,C17,99401,
3,C18,111245,
3,C19,82111,
3,C20,97752,
3,C21,88801,
3,C22,97901,
3,C23,117428,
3,C24,321287,
3,D01,173444,
3,D02,121940,
3,D03,124106,
3,D04,108336,
3,D05,110533,
3,D06,99497,
3,D07,119968,
3,D08,80121,
3,D09,88510,
3,D10,123598,
3,D11,120082,
3,D12,99970,
3,D13,102051,
3,D14,94055,
3,D15,91362,
3,D16,57475,
3,D17,98873,
3,D18,91713,
3,D19,92133,
3,D20,78874,
3,D21,88273,
3,D22,93120,
3,D23,166869,
3,D24,301942,
3,E01,188220,
3,E02,124632,
3,E03,47349,
3,E04,52901,
3,E05,163966,
3,E06,104537,
3,E07,151236,
3,E08,206521,
3,E09,128261,
3,E10,58045,
3,E11,88606,
3,E12,102501,
3,E13,104382,
3,E14,164587,
3,E15,160669,
3,E16,126923,
3,E17,131016,
3,E18,158951,
3,E19,107079,
3,E20,119098,
3,E21,99961,
3,E22,127216,
3,E23,127636,
3,E24,382705,
3,F01,321627,
3,F02,100265,
3,F03,118690,
3,F04,131829,
3,F05,170360,
3,F06,99681,
3,F07,134967,
3,F08,78153,
3,F09,77979,
3,F10,90737,
3,F11,138628,
3,F12,112727,
3,F13,196476,
3,F14,84811,
3,F15,129335,
3,F16,113956,
3,F17,125105,
3,F18,103105,
3,F19,118678,
3,F20,109517,
3,F21,107427,
3,F22,156115,
3,F23,132895,
3,F24,161557,
3,G01,307269,
3,G02,138689,
3,G03,42195,
3,G04,54041,
3,G05,105699,
3,G06,100143,
3,G07,95910,
3,G08,108829,
3,G09,127053,
3,G10,53273,
3,G11,46184,
3,G12,110765,
3,G13,96427,
3,G14,134278,
3,G15,106427,
3,G16,106688,
3,G17,98335,
3,G18,126258,
3,G19,151427,
3,G20,117719,
3,G21,113374,
3,G22,114783,
3,G23,112760,
3,G24,294247,
3,H01,365345,
3,H02,52104,
3,H03,114278,
3,H04,93193,
3,H05,126558,
3,H06,77867,
3,H07,83771,
3,H08,87188,
3,H09,122129,
3,H10,103993,
3,H11,148391,
3,H12,116020,
3,H13,122163,
3,H14,68663,
3,H15,91322,
3,H16,71931,
3,H17,93165,
3,H18,100565,
3,H19,106010,
3,H20,104178,
3,H21,99911,
3,H22,90885,
3,H23,90649,
3,H24,159532,
3,I01,319119,
3,I02,114575,
3,I03,42342,
3,I04,55794,
3,I05,105490,
3,I06,106025,
3,I07,101206,
3,I08,111247,
3,I09,89885,
3,I10,61111,
3,I11,57858,
3,I12,129106,
3,I13,144811,
3,I14,133525,
3,I15,117709,
3,I16,106290,
3,I17,99286,
3,I18,119139,
3,I19,103643,
3,I20,121166,
3,I21,106071,
3,I22,126392,
3,I23,100181,
3,I24,284347,
3,J01,164220,
3,J02,123114,
3,J03,127613,
3,J04,98201,
3,J05,101285,
3,J06,115401,
3,J07,125997,
3,J08,67704,
3,J09,60920,
3,J10,82075,
3,J11,109580,
3,J12,110032,
3,J13,106752,
3,J14,113269,
3,J15,113842,
3,J16,113127,
3,J17,189105,
3,J18,91907,
3,J19,97139,
3,J20,94628,
3,J21,68098,
3,J22,90370,
3,J23,127543,
3,J24,150485,
3,K01,190515,
3,K02,113336,
3,K03,38489,
3,K04,53418,
3,K05,107029,
3,K06,92207,
3,K07,101088,
3,K08,99587,
3,K09,138768,
3,K10,56113,
3,K11,55463,
3,K12,125260,
3,K13,103372,
3,K14,117417,
3,K15,109162,
3,K16,159336,
3,K17,128690,
3,K18,119623,
3,K19,120329,
3,K20,153996,
3,K21,125483,
3,K22,186972,
3,K23,183883,
3,K24,256077,
3,L01,249892,
3,L02,63523,
3,L03,129950,
3,L04,113554,
3,L05,107426,
3,L06,106585,
3,L07,119227,
3,L08,101362,
3,L09,99851,
3,L10,97722,
3,L11,65820,
3,L12,117250,
3,L13,36556,
3,L14,58025,
3,L15,115348,
3,L16,67845,
3,L17,126500,
3,L18,211226,
3,L19,179991,
3,L20,111380,
3,L21,131116,
3,L22,136620,
3,L23,96360,
3,L24,442025,
3,M01,232012,
3,M02,141701,
3,M03,43432,
3,M04,52992,
3,M05,126439,
3,M06,94687,
3,M07,118476,
3,M08,89755,
3,M09,94145,
3,M10,55006,
3,M11,71541,
3,M12,107000,
3,M13,113575,
3,M14,125142,
3,M15,120997,
3,M16,131206,
3,M17,152482,
3,M18,125808,
3,M19,140449,
3,M20,107337,
3,M21,110195,
3,M22,105507,
3,M23,213747,
3,M24,351339,
3,N01,395282,
3,N02,140781,
3,N03,132837,
3,N04,117663,
3,N05,144421,
3,N06,111111,
3,N07,121376,
3,N08,99450,
3,N09,82177,
3,N10,125266,
3,N11,116495,
3,N12,98839,
3,N13,92636,
3,N14,140343,
3,N15,106387,
3,N16,96776,
3,N17,96248,
3,N18,42073,
3,N19,116338,
3,N20,107040,
3,N21,109062,
3,N22,101796,
3,N23,192882,
3,N24,281623,
3,O01,346121,
3,O02,180287,
3,O03,124459,
3,O04,151712,
3,O05,169600,
3,O06,130798,
3,O07,96417,
3,O08,156422,
3,O09,165638,
3,O10,179953,
3,O11,119207,
3,O12,179885,
3,O13,166972,
3,O14,132226,
3,O15,143976,
3,O16,236476,
3,O17,180690,
3,O18,193786,
3,O19,136163,
3,O20,174951,
3,O21,125687,
3,O22,152343,
3,O23,171008,
3,O24,336108,
3,P01,317111,
3,P02,218376,
3,P03,233249,
3,P04,274478,
3,P05,234079,
3,P06,250447,
3,P07,327558,
3,P08,265295,
3,P09,325679,
3,P10,337022,
3,P11,296970,
3,P12,269668,
3,P13,272196,
3,P14,331519,
3,P15,402138,
3,P16,318410,
3,P17,337560,
3,P18,451782,
3,P19,347513,
3,P20,318966,
3,P21,233129,
3,P22,281981,
3,P23,498639,
3,P24,380338,

,,PltRpt=1 Group=1 new alamar blue(1) De=1st Ex=Top Em=Top Wdw=N/A (14),
Plate,Well,Signal,
4,A01,382393,
4,A02,340993,
4,A03,158407,
4,A04,235149,
4,A05,342265,
4,A06,369660,
4,A07,378911,
4,A08,358946,
4,A09,82336,
4,A10,158358,
4,A11,242268,
4,A12,320342,
4,A13,288312,
4,A14,392578,
4,A15,226567,
4,A16,137629,
4,A17,306090,
4,A18,211053,
4,A19,238265,
4,A20,359602,
4,A21,310527,
4,A22,147761,
4,A23,367847,
4,A24,421381,
4,B01,226679,
4,B02,199399,
4,B03,158357,
4,B04,63640,
4,B05,144822,
4,B06,81266,
4,B07,55588,
4,B08,101238,
4,B09,85517,
4,B10,86249,
4,B11,63716,
4,B12,87098,
4,B13,161665,
4,B14,76679,
4,B15,94295,
4,B16,97347,
4,B17,104619,
4,B18,129180,
4,B19,111953,
4,B20,131476,
4,B21,80008,
4,B22,83614,
4,B23,185440,
4,B24,420772,
4,C01,120377,
4,C02,104124,
4,C03,42106,
4,C04,49302,
4,C05,69877,
4,C06,72155,
4,C07,126088,
4,C08,77021,
4,C09,107766,
4,C10,52283,
4,C11,49670,
4,C12,129349,
4,C13,80606,
4,C14,108667,
4,C15,82495,
4,C16,99494,
4,C17,97761,
4,C18,105266,
4,C19,91243,
4,C20,102244,
4,C21,90046,
4,C22,110041,
4,C23,140506,
4,C24,212220,
4,D01,140366,
4,D02,78298,
4,D03,102815,
4,D04,87636,
4,D05,106611,
4,D06,92237,
4,D07,79733,
4,D08,60469,
4,D09,85941,
4,D10,93038,
4,D11,80970,
4,D12,59147,
4,D13,102374,
4,D14,84050,
4,D15,101517,
4,D16,51256,
4,D17,105026,
4,D18,100279,
4,D19,86123,
4,D20,78897,
4,D21,63510,
4,D22,69929,
4,D23,153654,
4,D24,263701,
4,E01,282301,
4,E02,85067,
4,E03,49537,
4,E04,53884,
4,E05,80529,
4,E06,98778,
4,E07,84357,
4,E08,87263,
4,E09,86753,
4,E10,56195,
4,E11,57329,
4,E12,128682,
4,E13,116277,
4,E14,96795,
4,E15,91699,
4,E16,88177,
4,E17,89193,
4,E18,94354,
4,E19,98226,
4,E20,89496,
4,E21,95357,
4,E22,100575,
4,E23,98003,
4,E24,198951,
4,F01,193393,
4,F02,95139,
4,F03,109384,
4,F04,101517,
4,F05,90893,
4,F06,121438,
4,F07,92689,
4,F08,113198,
4,F09,62990,
4,F10,105621,
4,F11,113565,
4,F12,84294,
4,F13,90100,
4,F14,59706,
4,F15,94797,
4,F16,80322,
4,F17,112074,
4,F18,88553,
4,F19,113151,
4,F20,97505,
4,F21,103629,
4,F22,106902,
4,F23,165019,
4,F24,317492,
4,G01,259316,
4,G02,112390,
4,G03,61008,
4,G04,71843,
4,G05,99411,
4,G06,89023,
4,G07,86902,
4,G08,97846,
4,G09,91090,
4,G10,54976,
4,G11,46340,
4,G12,87373,
4,G13,111271,
4,G14,102643,
4,G15,102269,
4,G16,110646,
4,G17,108804,
4,G18,105763,
4,G19,86117,
4,G20,96905,
4,G21,103862,
4,G22,95274,
4,G23,125991,
4,G24,242101,
4,H01,96364,
4,H02,61776,
4,H03,85092,
4,H04,101327,
4,H05,100659,
4,H06,87661,
4,H07,81603,
4,H08,116163,
4,H09,101717,
4,H10,119763,
4,H11,111431,
4,H12,90135,
4,H13,106710,
4,H14,68641,
4,H15,111301,
4,H16,87173,
4,H17,116809,
4,H18,105238,
4,H19,96041,
4,H20,116167,
4,H21,90878,
4,H22,100681,
4,H23,93280,
4,H24,177820,
4,I01,187965,
4,I02,118626,
4,I03,53628,
4,I04,90569,
4,I05,75605,
4,I06,101949,
4,I07,93244,
4,I08,94985,
4,I09,86631,
4,I10,71189,
4,I11,59887,
4,I12,94824,
4,I13,118443,
4,I14,96173,
4,I15,103307,
4,I16,102888,
4,I17,111539,
4,I18,102500,
4,I19,94044,
4,I20,110149,
4,I21,109878,
4,I22,101728,
4,I23,99269,
4,I24,255246,
4,J01,89345,
4,J02,107438,
4,J03,119280,
4,J04,78790,
4,J05,70529,
4,J06,92981,
4,J07,118994,
4,J08,69328,
4,J09,76167,
4,J10,116945,
4,J11,137751,
4,J12,96868,
4,J13,93135,
4,J14,119906,
4,J15,110693,
4,J16,109359,
4,J17,99859,
4,J18,122745,
4,J19,117023,
4,J20,105978,
4,J21,63460,
4,J22,97038,
4,J23,90342,
4,J24,140919,
4,K01,289007,
4,K02,178098,
4,K03,70920,
4,K04,66724,
4,K05,98844,
4,K06,138480,
4,K07,106876,
4,K08,140576,
4,K09,122387,
4,K10,60560,
4,K11,51330,
4,K12,114388,
4,K13,117263,
4,K14,118790,
4,K15,107492,
4,K16,115648,
4,K17,103094,
4,K18,115665,
4,K19,106724,
4,K20,121891,
4,K21,141376,
4,K22,138731,
4,K23,123541,
4,K24,220831,
4,L01,157814,
4,L02,58421,
4,L03,131889,
4,L04,118920,
4,L05,154985,
4,L06,118509,
4,L07,138392,
4,L08,107901,
4,L09,132961,
4,L10,109376,
4,L11,91723,
4,L12,141381,
4,L13,35990,
4,L14,102779,
4,L15,135143,
4,L16,76000,
4,L17,148181,
4,L18,122513,
4,L19,123837,
4,L20,139146,
4,L21,81178,
4,L22,89261,
4,L23,88240,
4,L24,136433,
4,M01,174492,
4,M02,122016,
4,M03,49366,
4,M04,62091,
4,M05,99176,
4,M06,147270,
4,M07,128747,
4,M08,123699,
4,M09,108035,
4,M10,77893,
4,M11,54229,
4,M12,91125,
4,M13,157025,
4,M14,123690,
4,M15,133404,
4,M16,142267,
4,M17,127387,
4,M18,121315,
4,M19,118399,
4,M20,113913,
4,M21,107730,
4,M22,98312,
4,M23,108949,
4,M24,213062,
4,N01,270738,
4,N02,89460,
4,N03,95805,
4,N04,136790,
4,N05,109233,
4,N06,155251,
4,N07,121419,
4,N08,115427,
4,N09,120390,
4,N10,135415,
4,N11,121585,
4,N12,142427,
4,N13,111516,
4,N14,112119,
4,N15,120285,
4,N16,130797,
4,N17,143931,
4,N18,42963,
4,N19,106854,
4,N20,107843,
4,N21,99407,
4,N22,103435,
4,N23,108594,
4,N24,312007,
4,O01,241218,
4,O02,170396,
4,O03,125852,
4,O04,180130,
4,O05,135242,
4,O06,131138,
4,O07,182527,
4,O08,146907,
4,O09,120381,
4,O10,115998,
4,O11,111965,
4,O12,169844,
4,O13,154571,
4,O14,195935,
4,O15,215015,
4,O16,162546,
4,O17,208713,
4,O18,220793,
4,O19,127166,
4,O20,140524,
4,O21,140756,
4,O22,165742,
4,O23,174867,
4,O24,244377,
4,P01,325380,
4,P02,195051,
4,P03,155369,
4,P04,199267,
4,P05,237579,
4,P06,265325,
4,P07,286848,
4,P08,303610,
4,P09,294495,
4,P10,322990,
4,P11,319157,
4,P12,314734,
4,P13,372270,
4,P14,231095,
4,P15,345882,
4,P16,289559,
4,P17,333591,
4,P18,267413,
4,P19,253731,
4,P20,277927,
4,P21,241438,
4,P22,186207,
4,P23,376908,
4,P24,391029,

,,PltRpt=1 Group=1 new alamar blue(1) De=1st Ex=Top Em=Top Wdw=N/A (14),
Plate,Well,Signal,
5,A01,404213,
5,A02,392323,
5,A03,331411,
5,A04,118358,
5,A05,403144,
5,A06,425259,
5,A07,379934,
5,A08,201039,
5,A09,372156,
5,A10,371715,
5,A11,426806,
5,A12,381441,
5,A13,149250,
5,A14,185157,
5,A15,279694,
5,A16,294732,
5,A17,250972,
5,A18,424653,
5,A19,375947,
5,A20,403041,
5,A21,406477,
5,A22,206153,
5,A23,178389,
5,A24,444013,
5,B01,277702,
5,B02,269343,
5,B03,241542,
5,B04,114408,
5,B05,200359,
5,B06,98981,
5,B07,81839,
5,B08,160019,
5,B09,134988,
5,B10,95779,
5,B11,81441,
5,B12,80476,
5,B13,219955,
5,B14,126389,
5,B15,80690,
5,B16,82854,
5,B17,129875,
5,B18,75634,
5,B19,128776,
5,B20,126530,
5,B21,160672,
5,B22,173346,
5,B23,318391,
5,B24,191447,
5,C01,277260,
5,C02,123137,
5,C03,62659,
5,C04,71805,
5,C05,121567,
5,C06,165994,
5,C07,151023,
5,C08,116642,
5,C09,94849,
5,C10,57766,
5,C11,63512,
5,C12,120251,
5,C13,110365,
5,C14,121527,
5,C15,100327,
5,C16,83869,
5,C17,97862,
5,C18,98049,
5,C19,105270,
5,C20,92892,
5,C21,109747,
5,C22,123857,
5,C23,170237,
5,C24,344656,
5,D01,179057,
5,D02,105198,
5,D03,156287,
5,D04,141993,
5,D05,161616,
5,D06,144815,
5,D07,107049,
5,D08,71485,
5,D09,90647,
5,D10,103736,
5,D11,169191,
5,D12,88815,
5,D13,123915,
5,D14,105761,
5,D15,130105,
5,D16,53073,
5,D17,99910,
5,D18,94690,
5,D19,94482,
5,D20,85177,
5,D21,75186,
5,D22,77004,
5,D23,159112,
5,D24,240362,
5,E01,254461,
5,E02,240730,
5,E03,82455,
5,E04,59339,
5,E05,130883,
5,E06,141831,
5,E07,153848,
5,E08,175322,
5,E09,109172,
5,E10,93852,
5,E11,65628,
5,E12,174306,
5,E13,126442,
5,E14,148797,
5,E15,102620,
5,E16,101634,
5,E17,96239,
5,E18,101419,
5,E19,81138,
5,E20,119640,
5,E21,97418,
5,E22,99918,
5,E23,169619,
5,E24,150952,
5,F01,303735,
5,F02,123167,
5,F03,162610,
5,F04,117225,
5,F05,135051,
5,F06,145133,
5,F07,161895,
5,F08,141711,
5,F09,80664,
5,F10,137972,
5,F11,162381,
5,F12,144365,
5,F13,152106,
5,F14,80147,
5,F15,128234,
5,F16,124371,
5,F17,109713,
5,F18,99778,
5,F19,96336,
5,F20,84547,
5,F21,89716,
5,F22,116690,
5,F23,160148,
5,F24,382086,
5,G01,319263,
5,G02,196842,
5,G03,88858,
5,G04,88310,
5,G05,121194,
5,G06,135739,
5,G07,134636,
5,G08,191200,
5,G09,162020,
5,G10,70997,
5,G11,67134,
5,G12,171015,
5,G13,134017,
5,G14,121047,
5,G15,94345,
5,G16,118388,
5,G17,88248,
5,G18,95574,
5,G19,86363,
5,G20,89526,
5,G21,99013,
5,G22,111901,
5,G23,119999,
5,G24,207556,
5,H01,231728,
5,H02,46497,
5,H03,182520,
5,H04,141724,
5,H05,196385,
5,H06,85836,
5,H07,102957,
5,H08,118118,
5,H09,98126,
5,H10,154685,
5,H11,127377,
5,H12,122878,
5,H13,168919,
5,H14,73308,
5,H15,87087,
5,H16,80518,
5,H17,96551,
5,H18,113966,
5,H19,91454,
5,H20,92139,
5,H21,100045,
5,H22,107165,
5,H23,125283,
5,H24,193720,
5,I01,301746,
5,I02,136054,
5,I03,76413,
5,I04,127303,
5,I05,104281,
5,I06,120512,
5,I07,113149,
5,I08,109441,
5,I09,105755,
5,I10,77792,
5,I11,73116,
5,I12,103676,
5,I13,122799,
5,I14,106724,
5,I15,127027,
5,I16,95001,
5,I17,104625,
5,I18,91626,
5,I19,91928,
5,I20,93820,
5,I21,88463,
5,I22,121619,
5,I23,105619,
5,I24,236128,
5,J01,60115,
5,J02,127162,
5,J03,176550,
5,J04,133612,
5,J05,186238,
5,J06,122589,
5,J07,124870,
5,J08,62411,
5,J09,69971,
5,J10,119416,
5,J11,112796,
5,J12,123281,
5,J13,111242,
5,J14,130490,
5,J15,133200,
5,J16,140251,
5,J17,102224,
5,J18,83420,
5,J19,99790,
5,J20,96353,
5,J21,70715,
5,J22,90748,
5,J23,108292,
5,J24,144896,
5,K01,309561,
5,K02,211544,
5,K03,92001,
5,K04,62860,
5,K05,189891,
5,K06,120829,
5,K07,190525,
5,K08,143589,
5,K09,167481,
5,K10,82134,
5,K11,95974,
5,K12,127610,
5,K13,108985,
5,K14,149000,
5,K15,119511,
5,K16,134639,
5,K17,111754,
5,K18,146589,
5,K19,135113,
5,K20,116837,
5,K21,130090,
5,K22,108706,
5,K23,117952,
5,K24,351274,
5,L01,331119,
5,L02,55772,
5,L03,187860,
5,L04,141005,
5,L05,150303,
5,L06,105966,
5,L07,198031,
5,L08,155710,
5,L09,160655,
5,L10,131614,
5,L11,76592,
5,L12,153501,
5,L13,37730,
5,L14,58592,
5,L15,167305,
5,L16,114225,
5,L17,133465,
5,L18,115058,
5,L19,104424,
5,L20,107345,
5,L21,96265,
5,L22,123303,
5,L23,93683,
5,L24,297170,
5,M01,316271,
5,M02,204340,
5,M03,77079,
5,M04,74654,
5,M05,175416,
5,M06,124932,
5,M07,143546,
5,M08,125858,
5,M09,107948,
5,M10,81451,
5,M11,81751,
5,M12,132021,
5,M13,105018,
5,M14,123918,
5,M15,154805,
5,M16,141868,
5,M17,108210,
5,M18,127275,
5,M19,92857,
5,M20,121440,
5,M21,116858,
5,M22,109179,
5,M23,133830,
5,M24,290196,
5,N01,234048,
5,N02,210739,
5,N03,155124,
5,N04,205319,
5,N05,182916,
5,N06,131566,
5,N07,167138,
5,N08,178598,
5,N09,119133,
5,N10,131282,
5,N11,137621,
5,N12,161952,
5,N13,112292,
5,N14,144049,
5,N15,126255,
5,N16,109499,
5,N17,113328,
5,N18,42731,
5,N19,124954,
5,N20,95468,
5,N21,117804,
5,N22,97435,
5,N23,205392,
5,N24,299680,
5,O01,333006,
5,O02,213332,
5,O03,154249,
5,O04,146403,
5,O05,135573,
5,O06,120554,
5,O07,91022,
5,O08,116947,
5,O09,88596,
5,O10,149608,
5,O11,179815,
5,O12,208450,
5,O13,166628,
5,O14,103407,
5,O15,120997,
5,O16,219927,
5,O17,130860,
5,O18,201858,
5,O19,131887,
5,O20,185469,
5,O21,185248,
5,O22,141037,
5,O23,222384,
5,O24,262899,
5,P01,370410,
5,P02,280881,
5,P03,268725,
5,P04,280673,
5,P05,262122,
5,P06,244792,
5,P07,275927,
5,P08,203940,
5,P09,223740,
5,P10,265935,
5,P11,341900,
5,P12,197540,
5,P13,285436,
5,P14,349064,
5,P15,269408,
5,P16,260351,
5,P17,254671,
5,P18,317471,
5,P19,257326,
5,P20,305858,
5,P21,312232,
5,P22,275478,
5,P23,273174,
5,P24,312860,

,,PltRpt=1 Group=1 new alamar blue(1) De=1st Ex=Top Em=Top Wdw=N/A (14),
Plate,Well,Signal,
6,A01,462911,
6,A02,412397,
6,A03,333035,
6,A04,435973,
6,A05,347575,
6,A06,419691,
6,A07,402818,
6,A08,413914,
6,A09,145736,
6,A10,286201,
6,A11,162413,
6,A12,450009,
6,A13,396914,
6,A14,400314,
6,A15,408471,
6,A16,419399,
6,A17,407279,
6,A18,103491,
6,A19,169231,
6,A20,517879,
6,A21,196772,
6,A22,435314,
6,A23,202610,
6,A24,419789,
6,B01,350048,
6,B02,161413,
6,B03,181563,
6,B04,93098,
6,B05,114303,
6,B06,201886,
6,B07,124072,
6,B08,89077,
6,B09,87355,
6,B10,115425,
6,B11,76521,
6,B12,133203,
6,B13,155727,
6,B14,215803,
6,B15,104240,
6,B16,149015,
6,B17,111943,
6,B18,108782,
6,B19,100856,
6,B20,106434,
6,B21,181344,
6,B22,207737,
6,B23,125445,
6,B24,240868,
6,C01,222792,
6,C02,209367,
6,C03,106433,
6,C04,51405,
6,C05,86380,
6,C06,76413,
6,C07,112183,
6,C08,97927,
6,C09,90087,
6,C10,56678,
6,C11,55038,
6,C12,84838,
6,C13,108366,
6,C14,98993,
6,C15,187832,
6,C16,103807,
6,C17,82920,
6,C18,96480,
6,C19,96544,
6,C20,88716,
6,C21,98218,
6,C22,162908,
6,C23,232456,
6,C24,336897,
6,D01,399343,
6,D02,138266,
6,D03,97955,
6,D04,98855,
6,D05,83803,
6,D06,78447,
6,D07,94212,
6,D08,55009,
6,D09,95828,
6,D10,102407,
6,D11,114047,
6,D12,67966,
6,D13,126409,
6,D14,63614,
6,D15,86919,
6,D16,51162,
6,D17,82794,
6,D18,86544,
6,D19,80246,
6,D20,88591,
6,D21,52900,
6,D22,101709,
6,D23,244867,
6,D24,451493,
6,E01,408705,
6,E02,284233,
6,E03,57622,
6,E04,53499,
6,E05,80223,
6,E06,82413,
6,E07,89589,
6,E08,90517,
6,E09,79636,
6,E10,66317,
6,E11,65833,
6,E12,103238,
6,E13,87510,
6,E14,98371,
6,E15,83083,
6,E16,91377,
6,E17,83950,
6,E18,84906,
6,E19,87818,
6,E20,102489,
6,E21,85681,
6,E22,102035,
6,E23,181966,
6,E24,426836,
6,F01,306413,
6,F02,191574,
6,F03,95623,
6,F04,107619,
6,F05,90210,
6,F06,75562,
6,F07,98653,
6,F08,92138,
6,F09,46410,
6,F10,74703,
6,F11,107606,
6,F12,92299,
6,F13,101023,
6,F14,36983,
6,F15,103037,
6,F16,78698,
6,F17,92038,
6,F18,92584,
6,F19,98285,
6,F20,78310,
6,F21,78869,
6,F22,102332,
6,F23,257226,
6,F24,533586,
6,G01,383771,
6,G02,211811,
6,G03,52555,
6,G04,47632,
6,G05,82084,
6,G06,84553,
6,G07,89115,
6,G08,86633,
6,G09,88361,
6,G10,55705,
6,G11,53223,
6,G12,109343,
6,G13,91938,
6,G14,87044,
6,G15,95506,
6,G16,95375,
6,G17,86270,
6,G18,106996,
6,G19,87391,
6,G20,95940,
6,G21,110170,
6,G22,112742,
6,G23,192176,
6,G24,394281,
6,H01,224747,
6,H02,62138,
6,H03,75946,
6,H04,83497,
6,H05,98591,
6,H06,53279,
6,H07,76153,
6,H08,84799,
6,H09,88951,
6,H10,80171,
6,H11,99970,
6,H12,101883,
6,H13,88452,
6,H14,59421,
6,H15,80769,
6,H16,76179,
6,H17,96526,
6,H18,97884,
6,H19,100269,
6,H20,83051,
6,H21,95636,
6,H22,95518,
6,H23,117255,
6,H24,334495,
6,I01,399829,
6,I02,88646,
6,I03,49987,
6,I04,46168,
6,I05,83762,
6,I06,77533,
6,I07,88880,
6,I08,81805,
6,I09,99634,
6,I10,52689,
6,I11,54581,
6,I12,79810,
6,I13,100572,
6,I14,73161,
6,I15,89641,
6,I16,85747,
6,I17,87361,
6,I18,105951,
6,I19,82745,
6,I20,83686,
6,I21,101464,
6,I22,131180,
6,I23,139891,
6,I24,260344,
6,J01,86224,
6,J02,88030,
6,J03,98769,
6,J04,81191,
6,J05,88627,
6,J06,75200,
6,J07,82473,
6,J08,55655,
6,J09,61234,
6,J10,83918,
6,J11,93466,
6,J12,82638,
6,J13,105462,
6,J14,98647,
6,J15,117508,
6,J16,94904,
6,J17,103180,
6,J18,95621,
6,J19,94297,
6,J20,94429,
6,J21,68803,
6,J22,92733,
6,J23,90623,
6,J24,199454,
6,K01,408353,
6,K02,181622,
6,K03,70188,
6,K04,60449,
6,K05,111249,
6,K06,89269,
6,K07,97713,
6,K08,83593,
6,K09,90618,
6,K10,54359,
6,K11,61852,
6,K12,116227,
6,K13,92742,
6,K14,109412,
6,K15,106562,
6,K16,147045,
6,K17,106377,
6,K18,106959,
6,K19,110306,
6,K20,112859,
6,K21,106084,
6,K22,120128,
6,K23,196281,
6,K24,206976,
6,L01,327615,
6,L02,46846,
6,L03,104480,
6,L04,104692,
6,L05,87061,
6,L06,71804,
6,L07,86800,
6,L08,81594,
6,L09,111237,
6,L10,104688,
6,L11,53793,
6,L12,86625,
6,L13,36199,
6,L14,53849,
6,L15,125146,
6,L16,62943,
6,L17,191165,
6,L18,105060,
6,L19,110192,
6,L20,85819,
6,L21,74748,
6,L22,100995,
6,L23,93138,
6,L24,198333,
6,M01,382138,
6,M02,124019,
6,M03,62485,
6,M04,52109,
6,M05,84328,
6,M06,82642,
6,M07,84445,
6,M08,96190,
6,M09,76657,
6,M10,53609,
6,M11,66748,
6,M12,109931,
6,M13,100965,
6,M14,95498,
6,M15,88452,
6,M16,119512,
6,M17,79281,
6,M18,106757,
6,M19,81397,
6,M20,99916,
6,M21,142091,
6,M22,95935,
6,M23,87256,
6,M24,205832,
6,N01,241561,
6,N02,92800,
6,N03,98878,
6,N04,81512,
6,N05,104838,
6,N06,71786,
6,N07,91747,
6,N08,79994,
6,N09,76428,
6,N10,89101,
6,N11,95328,
6,N12,83541,
6,N13,125917,
6,N14,100597,
6,N15,95555,
6,N16,109120,
6,N17,114852,
6,N18,43064,
6,N19,100352,
6,N20,85076,
6,N21,93196,
6,N22,62834,
6,N23,134915,
6,N24,308005,
6,O01,200513,
6,O02,108604,
6,O03,124963,
6,O04,107721,
6,O05,118166,
6,O06,116854,
6,O07,106764,
6,O08,91501,
6,O09,97400,
6,O10,99220,
6,O11,142573,
6,O12,123608,
6,O13,180280,
6,O14,143831,
6,O15,167346,
6,O16,216420,
6,O17,139726,
6,O18,115585,
6,O19,91445,
6,O20,115388,
6,O21,107860,
6,O22,115123,
6,O23,151203,
6,O24,195519,
6,P01,331847,
6,P02,215605,
6,P03,178564,
6,P04,146537,
6,P05,206359,
6,P06,185813,
6,P07,316344,
6,P08,238688,
6,P09,277617,
6,P10,243272,
6,P11,348827,
6,P12,338443,
6,P13,270221,
6,P14,308595,
6,P15,323202,
6,P16,211852,
6,P17,381591,
6,P18,167197,
6,P19,317249,
6,P20,249560,
6,P21,293492,
6,P22,262054,
6,P23,274626,
6,P24,380813,

,,PltRpt=1 Group=1 new alamar blue(1) De=1st Ex=Top Em=Top Wdw=N/A (14),
Plate,Well,Signal,
7,A01,115228,
7,A02,103820,
7,A03,100457,
7,A04,79848,
7,A05,76128,
7,A06,74802,
7,A07,95234,
7,A08,98040,
7,A09,100763,
7,A10,83854,
7,A11,89233,
7,A12,89554,
7,A13,91472,
7,A14,94938,
7,A15,94802,
7,A16,93040,
7,A17,94035,
7,A18,95440,
7,A19,85651,
7,A20,95743,
7,A21,92301,
7,A22,80783,
7,A23,80352,
7,A24,117357,
7,B01,140685,
7,B02,81734,
7,B03,83978,
7,B04,71605,
7,B05,70580,
7,B06,61702,
7,B07,43416,
7,B08,72144,
7,B09,81445,
7,B10,81055,
7,B11,60575,
7,B12,56895,
7,B13,82686,
7,B14,81230,
7,B15,82886,
7,B16,80400,
7,B17,83192,
7,B18,93273,
7,B19,66420,
7,B20,83900,
7,B21,79114,
7,B22,70288,
7,B23,77996,
7,B24,102260,
7,C01,114448,
7,C02,83904,
7,C03,44105,
7,C04,38016,
7,C05,78236,
7,C06,77275,
7,C07,93391,
7,C08,90393,
7,C09,71724,
7,C10,53109,
7,C11,39170,
7,C12,89310,
7,C13,87257,
7,C14,83098,
7,C15,81372,
7,C16,87912,
7,C17,81107,
7,C18,76790,
7,C19,75356,
7,C20,84075,
7,C21,78689,
7,C22,83168,
7,C23,93584,
7,C24,146049,
7,D01,126674,
7,D02,90577,
7,D03,81929,
7,D04,99874,
7,D05,66799,
7,D06,63311,
7,D07,75313,
7,D08,43226,
7,D09,82268,
7,D10,111447,
7,D11,89141,
7,D12,65777,
7,D13,80332,
7,D14,66136,
7,D15,97987,
7,D16,45716,
7,D17,85691,
7,D18,80159,
7,D19,89063,
7,D20,64700,
7,D21,80917,
7,D22,76250,
7,D23,84737,
7,D24,100538,
7,E01,130543,
7,E02,82464,
7,E03,41789,
7,E04,37973,
7,E05,68150,
7,E06,78544,
7,E07,75193,
7,E08,81080,
7,E09,80234,
7,E10,48836,
7,E11,40465,
7,E12,95386,
7,E13,84838,
7,E14,102652,
7,E15,93790,
7,E16,95243,
7,E17,87862,
7,E18,86271,
7,E19,76163,
7,E20,86340,
7,E21,80943,
7,E22,88836,
7,E23,77148,
7,E24,116477,
7,F01,135552,
7,F02,88208,
7,F03,87417,
7,F04,69641,
7,F05,95119,
7,F06,81057,
7,F07,88176,
7,F08,82142,
7,F09,54263,
7,F10,56473,
7,F11,106667,
7,F12,80997,
7,F13,98119,
7,F14,36276,
7,F15,90571,
7,F16,78253,
7,F17,101361,
7,F18,110844,
7,F19,94453,
7,F20,82591,
7,F21,86245,
7,F22,70966,
7,F23,90946,
7,F24,106294,
7,G01,100134,
7,G02,86894,
7,G03,45273,
7,G04,40023,
7,G05,75080,
7,G06,80520,
7,G07,81706,
7,G08,84084,
7,G09,80695,
7,G10,48327,
7,G11,39705,
7,G12,96310,
7,G13,90758,
7,G14,109556,
7,G15,96208,
7,G16,82438,
7,G17,98858,
7,G18,88062,
7,G19,93239,
7,G20,87313,
7,G21,75847,
7,G22,97713,
7,G23,97098,
7,G24,136884,
7,H01,90384,
7,H02,51678,
7,H03,70197,
7,H04,76910,
7,H05,63792,
7,H06,72352,
7,H07,61014,
7,H08,75838,
7,H09,91900,
7,H10,88063,
7,H11,95405,
7,H12,91280,
7,H13,54098,
7,H14,53645,
7,H15,86687,
7,H16,67917,
7,H17,87436,
7,H18,91604,
7,H19,83144,
7,H20,83369,
7,H21,62934,
7,H22,96422,
7,H23,70210,
7,H24,121029,
7,I01,117061,
7,I02,90467,
7,I03,41758,
7,I04,40040,
7,I05,73997,
7,I06,90173,
7,I07,80432,
7,I08,85095,
7,I09,88578,
7,I10,51501,
7,I11,39285,
7,I12,89532,
7,I13,88735,
7,I14,128710,
7,I15,85978,
7,I16,96181,
7,I17,100089,
7,I18,96456,
7,I19,86119,
7,I20,84471,
7,I21,74298,
7,I22,86349,
7,I23,87865,
7,I24,155518,
7,J01,48286,
7,J02,71623,
7,J03,90343,
7,J04,79234,
7,J05,67080,
7,J06,78410,
7,J07,98210,
7,J08,51346,
7,J09,57322,
7,J10,74276,
7,J11,108610,
7,J12,84472,
7,J13,92678,
7,J14,99902,
7,J15,98993,
7,J16,87165,
7,J17,84893,
7,J18,87102,
7,J19,85120,
7,J20,84760,
7,J21,75888,
7,J22,83148,
7,J23,115724,
7,J24,68380,
7,K01,171821,
7,K02,130924,
7,K03,54501,
7,K04,39956,
7,K05,93543,
7,K06,99738,
7,K07,88296,
7,K08,129749,
7,K09,95324,
7,K10,57514,
7,K11,38283,
7,K12,107777,
7,K13,98876,
7,K14,86597,
7,K15,132327,
7,K16,107665,
7,K17,87175,
7,K18,104594,
7,K19,99269,
7,K20,86840,
7,K21,98260,
7,K22,86743,
7,K23,95027,
7,K24,153540,
7,L01,115912,
7,L02,48024,
7,L03,103176,
7,L04,92285,
7,L05,88232,
7,L06,102527,
7,L07,150925,
7,L08,83869,
7,L09,118531,
7,L10,100027,
7,L11,62814,
7,L12,114786,
7,L13,36863,
7,L14,57694,
7,L15,115914,
7,L16,72263,
7,L17,112463,
7,L18,101170,
7,L19,91904,
7,L20,99882,
7,L21,72493,
7,L22,93442,
7,L23,61627,
7,L24,101630,
7,M01,99365,
7,M02,81505,
7,M03,46823,
7,M04,36372,
7,M05,82895,
7,M06,95873,
7,M07,85247,
7,M08,92500,
7,M09,84713,
7,M10,48540,
7,M11,38560,
7,M12,82824,
7,M13,92069,
7,M14,81690,
7,M15,86305,
7,M16,106562,
7,M17,104081,
7,M18,98188,
7,M19,85853,
7,M20,94026,
7,M21,96693,
7,M22,130734,
7,M23,113969,
7,M24,244523,
7,N01,95032,
7,N02,93220,
7,N03,87902,
7,N04,88722,
7,N05,75697,
7,N06,107363,
7,N07,86978,
7,N08,110800,
7,N09,101044,
7,N10,94413,
7,N11,103635,
7,N12,68587,
7,N13,65614,
7,N14,88953,
7,N15,91956,
7,N16,105544,
7,N17,88046,
7,N18,37649,
7,N19,110306,
7,N20,75882,
7,N21,99291,
7,N22,90785,
7,N23,162446,
7,N24,237459,
7,O01,134119,
7,O02,105128,
7,O03,93473,
7,O04,109274,
7,O05,83935,
7,O06,100943,
7,O07,101217,
7,O08,113803,
7,O09,91399,
7,O10,112029,
7,O11,97610,
7,O12,110559,
7,O13,105082,
7,O14,123900,
7,O15,111958,
7,O16,101189,
7,O17,106459,
7,O18,103297,
7,O19,114729,
7,O20,138277,
7,O21,103322,
7,O22,91750,
7,O23,159599,
7,O24,182477,
7,P01,134242,
7,P02,104151,
7,P03,99105,
7,P04,91281,
7,P05,111889,
7,P06,127875,
7,P07,120155,
7,P08,123095,
7,P09,111674,
7,P10,119142,
7,P11,151552,
7,P12,119056,
7,P13,145182,
7,P14,94356,
7,P15,147567,
7,P16,116840,
7,P17,115020,
7,P18,144058,
7,P19,132997,
7,P20,155351,
7,P21,137414,
7,P22,164014,
7,P23,184685,
7,P24,253172,

,,PltRpt=1 Group=1 new alamar blue(1) De=1st Ex=Top Em=Top Wdw=N/A (14),
Plate,Well,Signal,
8,A01,311616,
8,A02,121915,
8,A03,130436,
8,A04,111743,
8,A05,93056,
8,A06,92700,
8,A07,79471,
8,A08,87328,
8,A09,79509,
8,A10,91854,
8,A11,85884,
8,A12,94551,
8,A13,90894,
8,A14,96481,
8,A15,100340,
8,A16,99386,
8,A17,105083,
8,A18,114846,
8,A19,101143,
8,A20,91970,
8,A21,95395,
8,A22,147193,
8,A23,112622,
8,A24,133973,
8,B01,99972,
8,B02,85066,
8,B03,78761,
8,B04,103067,
8,B05,78186,
8,B06,73232,
8,B07,45384,
8,B08,69728,
8,B09,74747,
8,B10,77639,
8,B11,67058,
8,B12,63752,
8,B13,90472,
8,B14,83725,
8,B15,79427,
8,B16,72482,
8,B17,84203,
8,B18,75781,
8,B19,72319,
8,B20,74679,
8,B21,80876,
8,B22,73620,
8,B23,89078,
8,B24,115660,
8,C01,114708,
8,C02,105887,
8,C03,48744,
8,C04,38621,
8,C05,72535,
8,C06,77158,
8,C07,77793,
8,C08,93074,
8,C09,80438,
8,C10,45063,
8,C11,40510,
8,C12,97309,
8,C13,83361,
8,C14,84789,
8,C15,81132,
8,C16,85065,
8,C17,89588,
8,C18,89785,
8,C19,82764,
8,C20,85190,
8,C21,73331,
8,C22,83796,
8,C23,87678,
8,C24,144235,
8,D01,150916,
8,D02,92862,
8,D03,79981,
8,D04,81191,
8,D05,62332,
8,D06,75718,
8,D07,80034,
8,D08,44215,
8,D09,90665,
8,D10,81001,
8,D11,91774,
8,D12,101309,
8,D13,103292,
8,D14,67381,
8,D15,93036,
8,D16,44218,
8,D17,75981,
8,D18,84326,
8,D19,79238,
8,D20,58863,
8,D21,96946,
8,D22,84816,
8,D23,89263,
8,D24,111582,
8,E01,148324,
8,E02,108663,
8,E03,45800,
8,E04,41557,
8,E05,93049,
8,E06,97438,
8,E07,90561,
8,E08,97810,
8,E09,85330,
8,E10,68102,
8,E11,39854,
8,E12,80346,
8,E13,83276,
8,E14,84588,
8,E15,88835,
8,E16,89816,
8,E17,81146,
8,E18,96090,
8,E19,82154,
8,E20,81338,
8,E21,103911,
8,E22,108634,
8,E23,92155,
8,E24,139299,
8,F01,191125,
8,F02,103062,
8,F03,114003,
8,F04,96919,
8,F05,133570,
8,F06,70606,
8,F07,121991,
8,F08,85316,
8,F09,52976,
8,F10,73232,
8,F11,131087,
8,F12,99360,
8,F13,108621,
8,F14,37315,
8,F15,85578,
8,F16,74806,
8,F17,100410,
8,F18,83722,
8,F19,89474,
8,F20,83314,
8,F21,90743,
8,F22,82570,
8,F23,104429,
8,F24,134568,
8,G01,121397,
8,G02,93758,
8,G03,45171,
8,G04,39605,
8,G05,81896,
8,G06,97129,
8,G07,87767,
8,G08,100896,
8,G09,103111,
8,G10,53271,
8,G11,40226,
8,G12,117516,
8,G13,127084,
8,G14,90792,
8,G15,108830,
8,G16,105876,
8,G17,90637,
8,G18,98510,
8,G19,92714,
8,G20,101224,
8,G21,90198,
8,G22,94743,
8,G23,95454,
8,G24,124404,
8,H01,122563,
8,H02,44485,
8,H03,80528,
8,H04,103979,
8,H05,93793,
8,H06,79253,
8,H07,83151,
8,H08,88841,
8,H09,98255,
8,H10,115052,
8,H11,102718,
8,H12,116121,
8,H13,61130,
8,H14,58548,
8,H15,100044,
8,H16,67499,
8,H17,94671,
8,H18,89785,
8,H19,94442,
8,H20,83047,
8,H21,70520,
8,H22,84321,
8,H23,72754,
8,H24,142166,
8,I01,101974,
8,I02,86919,
8,I03,46895,
8,I04,38675,
8,I05,84543,
8,I06,97908,
8,I07,98072,
8,I08,107298,
8,I09,89579,
8,I10,47631,
8,I11,40270,
8,I12,115595,
8,I13,118786,
8,I14,113867,
8,I15,122064,
8,I16,102119,
8,I17,98415,
8,I18,112166,
8,I19,90189,
8,I20,86994,
8,I21,88605,
8,I22,87807,
8,I23,98133,
8,I24,123777,
8,J01,72253,
8,J02,79418,
8,J03,104584,
8,J04,92817,
8,J05,79289,
8,J06,94598,
8,J07,98659,
8,J08,49538,
8,J09,84474,
8,J10,108398,
8,J11,109566,
8,J12,96967,
8,J13,88248,
8,J14,117678,
8,J15,116692,
8,J16,108056,
8,J17,108459,
8,J18,100930,
8,J19,90251,
8,J20,95160,
8,J21,79886,
8,J22,90949,
8,J23,93935,
8,J24,83101,
8,K01,129600,
8,K02,97719,
8,K03,57441,
8,K04,39364,
8,K05,93787,
8,K06,88327,
8,K07,107177,
8,K08,106202,
8,K09,88757,
8,K10,53862,
8,K11,39808,
8,K12,109867,
8,K13,89313,
8,K14,92909,
8,K15,92228,
8,K16,105856,
8,K17,115813,
8,K18,110157,
8,K19,101096,
8,K20,106588,
8,K21,96628,
8,K22,104702,
8,K23,108578,
8,K24,139739,
8,L01,130997,
8,L02,46658,
8,L03,95818,
8,L04,96301,
8,L05,103815,
8,L06,81613,
8,L07,102504,
8,L08,119542,
8,L09,80911,
8,L10,96796,
8,L11,52605,
8,L12,103911,
8,L13,37829,
8,L14,67709,
8,L15,114320,
8,L16,58202,
8,L17,112974,
8,L18,125287,
8,L19,102958,
8,L20,97151,
8,L21,81164,
8,L22,95662,
8,L23,71553,
8,L24,107137,
8,M01,156910,
8,M02,87296,
8,M03,47891,
8,M04,37261,
8,M05,87340,
8,M06,103695,
8,M07,98500,
8,M08,85694,
8,M09,98938,
8,M10,49739,
8,M11,42350,
8,M12,112616,
8,M13,101581,
8,M14,99407,
8,M15,110328,
8,M16,100718,
8,M17,97912,
8,M18,98682,
8,M19,87989,
8,M20,108889,
8,M21,92946,
8,M22,99566,
8,M23,118570,
8,M24,124364,
8,N01,124268,
8,N02,127279,
8,N03,86244,
8,N04,92989,
8,N05,96366,
8,N06,96910,
8,N07,100621,
8,N08,108871,
8,N09,117913,
8,N10,87099,
8,N11,109869,
8,N12,107303,
8,N13,76081,
8,N14,96439,
8,N15,90232,
8,N16,93018,
8,N17,96119,
8,N18,37696,
8,N19,90954,
8,N20,95213,
8,N21,76481,
8,N22,93554,
8,N23,139400,
8,N24,158471,
8,O01,157924,
8,O02,101099,
8,O03,93692,
8,O04,96006,
8,O05,122762,
8,O06,85102,
8,O07,83647,
8,O08,96451,
8,O09,86987,
8,O10,102668,
8,O11,95480,
8,O12,125595,
8,O13,118480,
8,O14,135139,
8,O15,115328,
8,O16,105779,
8,O17,101324,
8,O18,110294,
8,O19,91130,
8,O20,94522,
8,O21,99598,
8,O22,119735,
8,O23,96785,
8,O24,173350,
8,P01,180106,
8,P02,121333,
8,P03,141125,
8,P04,113521,
8,P05,110275,
8,P06,114263,
8,P07,137003,
8,P08,133551,
8,P09,152261,
8,P10,188798,
8,P11,154110,
8,P12,173458,
8,P13,188655,
8,P14,93003,
8,P15,142962,
8,P16,144177,
8,P17,144900,
8,P18,132107,
8,P19,111745,
8,P20,129459,
8,P21,173597,
8,P22,134216,
8,P23,143892,
8,P24,240889,

,,PltRpt=1 Group=1 new alamar blue(1) De=1st Ex=Top Em=Top Wdw=N/A (14),
Plate,Well,Signal,
9,A01,263223,
9,A02,109975,
9,A03,121576,
9,A04,140137,
9,A05,202120,
9,A06,223107,
9,A07,143419,
9,A08,204269,
9,A09,97524,
9,A10,97626,
9,A11,229188,
9,A12,122403,
9,A13,192990,
9,A14,136392,
9,A15,142555,
9,A16,138555,
9,A17,101139,
9,A18,135780,
9,A19,88903,
9,A20,172677,
9,A21,126598,
9,A22,191351,
9,A23,132136,
9,A24,362294,
9,B01,121436,
9,B02,77098,
9,B03,74742,
9,B04,72569,
9,B05,80740,
9,B06,79824,
9,B07,44379,
9,B08,92018,
9,B09,78836,
9,B10,82897,
9,B11,64002,
9,B12,53344,
9,B13,80315,
9,B14,85242,
9,B15,93555,
9,B16,79149,
9,B17,80149,
9,B18,79145,
9,B19,68591,
9,B20,76852,
9,B21,104675,
9,B22,77130,
9,B23,77177,
9,B24,102121,
9,C01,104600,
9,C02,73609,
9,C03,43462,
9,C04,39728,
9,C05,74658,
9,C06,87790,
9,C07,82515,
9,C08,76286,
9,C09,94797,
9,C10,41516,
9,C11,39196,
9,C12,73198,
9,C13,84631,
9,C14,131900,
9,C15,97766,
9,C16,80979,
9,C17,77278,
9,C18,84958,
9,C19,83317,
9,C20,90116,
9,C21,87733,
9,C22,77869,
9,C23,82810,
9,C24,113176,
9,D01,100814,
9,D02,92480,
9,D03,76606,
9,D04,75024,
9,D05,62203,
9,D06,63090,
9,D07,74117,
9,D08,41962,
9,D09,91941,
9,D10,80368,
9,D11,119272,
9,D12,58480,
9,D13,89649,
9,D14,84537,
9,D15,95052,
9,D16,41868,
9,D17,89949,
9,D18,96271,
9,D19,87486,
9,D20,74363,
9,D21,89073,
9,D22,84593,
9,D23,84017,
9,D24,116099,
9,E01,110686,
9,E02,75050,
9,E03,43667,
9,E04,38679,
9,E05,74284,
9,E06,89342,
9,E07,81570,
9,E08,100131,
9,E09,82770,
9,E10,45328,
9,E11,38998,
9,E12,88246,
9,E13,83095,
9,E14,101401,
9,E15,128661,
9,E16,106083,
9,E17,97709,
9,E18,93287,
9,E19,80134,
9,E20,98622,
9,E21,78056,
9,E22,90231,
9,E23,85163,
9,E24,224102,
9,F01,110616,
9,F02,76002,
9,F03,88115,
9,F04,87531,
9,F05,78380,
9,F06,75531,
9,F07,83771,
9,F08,70904,
9,F09,51538,
9,F10,69514,
9,F11,98476,
9,F12,89144,
9,F13,86201,
9,F14,38166,
9,F15,108315,
9,F16,94386,
9,F17,102877,
9,F18,97772,
9,F19,104133,
9,F20,92164,
9,F21,110109,
9,F22,70585,
9,F23,93966,
9,F24,118360,
9,G01,134878,
9,G02,85461,
9,G03,44653,
9,G04,41006,
9,G05,91602,
9,G06,102652,
9,G07,80092,
9,G08,76288,
9,G09,98789,
9,G10,39747,
9,G11,39965,
9,G12,104209,
9,G13,81686,
9,G14,93583,
9,G15,97688,
9,G16,92058,
9,G17,101680,
9,G18,92522,
9,G19,90989,
9,G20,102034,
9,G21,87670,
9,G22,93778,
9,G23,129644,
9,G24,151453,
9,H01,75464,
9,H02,41809,
9,H03,72399,
9,H04,82734,
9,H05,65414,
9,H06,78982,
9,H07,70126,
9,H08,83792,
9,H09,85102,
9,H10,76062,
9,H11,94518,
9,H12,98755,
9,H13,57853,
9,H14,54922,
9,H15,101871,
9,H16,62287,
9,H17,93426,
9,H18,94463,
9,H19,106282,
9,H20,78985,
9,H21,71042,
9,H22,88565,
9,H23,75955,
9,H24,143926,
9,I01,141466,
9,I02,80429,
9,I03,46217,
9,I04,39524,
9,I05,92707,
9,I06,89301,
9,I07,91193,
9,I08,85686,
9,I09,87934,
9,I10,49825,
9,I11,38714,
9,I12,125114,
9,I13,132344,
9,I14,96678,
9,I15,96209,
9,I16,97190,
9,I17,98074,
9,I18,98409,
9,I19,84745,
9,I20,102405,
9,I21,91838,
9,I22,88547,
9,I23,95198,
9,I24,119460,
9,J01,39259,
9,J02,59156,
9,J03,79048,
9,J04,82882,
9,J05,64589,
9,J06,81159,
9,J07,104250,
9,J08,48510,
9,J09,69894,
9,J10,80624,
9,J11,97069,
9,J12,98206,
9,J13,81310,
9,J14,91632,
9,J15,99980,
9,J16,96012,
9,J17,95039,
9,J18,90798,
9,J19,93045,
9,J20,90744,
9,J21,87419,
9,J22,93902,
9,J23,111554,
9,J24,74956,
9,K01,96681,
9,K02,105905,
9,K03,49278,
9,K04,37793,
9,K05,103212,
9,K06,113484,
9,K07,114995,
9,K08,127030,
9,K09,121011,
9,K10,56227,
9,K11,40191,
9,K12,93958,
9,K13,136263,
9,K14,116545,
9,K15,94083,
9,K16,104451,
9,K17,100857,
9,K18,117276,
9,K19,121602,
9,K20,167829,
9,K21,120706,
9,K22,113326,
9,K23,160500,
9,K24,214847,
9,L01,111406,
9,L02,37054,
9,L03,78151,
9,L04,96321,
9,L05,97233,
9,L06,101543,
9,L07,71809,
9,L08,89595,
9,L09,108002,
9,L10,112214,
9,L11,57155,
9,L12,101136,
9,L13,37208,
9,L14,70764,
9,L15,116807,
9,L16,70294,
9,L17,137200,
9,L18,115953,
9,L19,126469,
9,L20,107797,
9,L21,84456,
9,L22,94489,
9,L23,67498,
9,L24,155422,
9,M01,217216,
9,M02,88332,
9,M03,51687,
9,M04,38415,
9,M05,98958,
9,M06,81746,
9,M07,90522,
9,M08,95941,
9,M09,85901,
9,M10,50903,
9,M11,39206,
9,M12,91802,
9,M13,91751,
9,M14,98078,
9,M15,102001,
9,M16,99720,
9,M17,118000,
9,M18,133207,
9,M19,87111,
9,M20,85735,
9,M21,90489,
9,M22,94607,
9,M23,128759,
9,M24,163241,
9,N01,181353,
9,N02,83273,
9,N03,89567,
9,N04,81326,
9,N05,80825,
9,N06,99552,
9,N07,89049,
9,N08,83806,
9,N09,92973,
9,N10,92916,
9,N11,95904,
9,N12,76284,
9,N13,69172,
9,N14,101745,
9,N15,100312,
9,N16,98847,
9,N17,108316,
9,N18,37564,
9,N19,107772,
9,N20,81555,
9,N21,86102,
9,N22,89764,
9,N23,122934,
9,N24,151283,
9,O01,190516,
9,O02,113337,
9,O03,99152,
9,O04,194315,
9,O05,101670,
9,O06,107549,
9,O07,104223,
9,O08,108367,
9,O09,110967,
9,O10,91736,
9,O11,89909,
9,O12,112055,
9,O13,106860,
9,O14,97360,
9,O15,111098,
9,O16,122618,
9,O17,118451,
9,O18,114656,
9,O19,92560,
9,O20,98572,
9,O21,107215,
9,O22,143368,
9,O23,139892,
9,O24,193010,
9,P01,202636,
9,P02,121962,
9,P03,175300,
9,P04,98510,
9,P05,143726,
9,P06,104451,
9,P07,145912,
9,P08,173859,
9,P09,182632,
9,P10,117214,
9,P11,156233,
9,P12,163611,
9,P13,130907,
9,P14,103421,
9,P15,137939,
9,P16,150494,
9,P17,180208,
9,P18,144482,
9,P19,202346,
9,P20,134782,
9,P21,166216,
9,P22,126905,
9,P23,158493,
9,P24,308235,

,,PltRpt=1 Group=1 new alamar blue(1) De=1st Ex=Top Em=Top Wdw=N/A (14),
Plate,Well,Signal,
10,A01,395543,
10,A02,248524,
10,A03,102398,
10,A04,225275,
10,A05,161301,
10,A06,92502,
10,A07,139467,
10,A08,115042,
10,A09,125171,
10,A10,172856,
10,A11,254966,
10,A12,66783,
10,A13,92658,
10,A14,96154,
10,A15,94997,
10,A16,178097,
10,A17,101253,
10,A18,109570,
10,A19,111095,
10,A20,139955,
10,A21,78703,
10,A22,91266,
10,A23,177176,
10,A24,229654,
10,B01,92422,
10,B02,100634,
10,B03,80151,
10,B04,62218,
10,B05,69283,
10,B06,59099,
10,B07,40443,
10,B08,68736,
10,B09,117450,
10,B10,118592,
10,B11,64803,
10,B12,60414,
10,B13,80264,
10,B14,72841,
10,B15,64967,
10,B16,67773,
10,B17,66164,
10,B18,67165,
10,B19,74475,
10,B20,77341,
10,B21,80999,
10,B22,90000,
10,B23,100489,
10,B24,107497,
10,C01,80639,
10,C02,68777,
10,C03,42180,
10,C04,36091,
10,C05,63569,
10,C06,62762,
10,C07,66262,
10,C08,66127,
10,C09,65881,
10,C10,45174,
10,C11,38585,
10,C12,87544,
10,C13,70391,
10,C14,81489,
10,C15,63666,
10,C16,78216,
10,C17,74707,
10,C18,87785,
10,C19,71133,
10,C20,71300,
10,C21,67304,
10,C22,68271,
10,C23,74076,
10,C24,131599,
10,D01,88220,
10,D02,95881,
10,D03,75263,
10,D04,80422,
10,D05,61407,
10,D06,66318,
10,D07,62400,
10,D08,39592,
10,D09,79450,
10,D10,85775,
10,D11,74622,
10,D12,57919,
10,D13,76757,
10,D14,58273,
10,D15,80760,
10,D16,42222,
10,D17,75456,
10,D18,82474,
10,D19,77207,
10,D20,58974,
10,D21,72296,
10,D22,70634,
10,D23,75523,
10,D24,111507,
10,E01,107752,
10,E02,71223,
10,E03,42113,
10,E04,37386,
10,E05,72237,
10,E06,70146,
10,E07,70846,
10,E08,73231,
10,E09,70930,
10,E10,43869,
10,E11,38215,
10,E12,74435,
10,E13,69878,
10,E14,83658,
10,E15,71306,
10,E16,76726,
10,E17,68174,
10,E18,77804,
10,E19,68822,
10,E20,68547,
10,E21,69611,
10,E22,70010,
10,E23,91665,
10,E24,147727,
10,F01,121216,
10,F02,71413,
10,F03,72171,
10,F04,68263,
10,F05,79480,
10,F06,67764,
10,F07,80291,
10,F08,68324,
10,F09,46020,
10,F10,59567,
10,F11,91157,
10,F12,83709,
10,F13,78835,
10,F14,52588,
10,F15,76786,
10,F16,82856,
10,F17,91438,
10,F18,76735,
10,F19,90616,
10,F20,78630,
10,F21,86101,
10,F22,71042,
10,F23,104881,
10,F24,121489,
10,G01,112178,
10,G02,87818,
10,G03,44690,
10,G04,37277,
10,G05,69117,
10,G06,77709,
10,G07,68572,
10,G08,81147,
10,G09,77850,
10,G10,44152,
10,G11,38230,
10,G12,72634,
10,G13,87825,
10,G14,82914,
10,G15,83189,
10,G16,82324,
10,G17,74342,
10,G18,78837,
10,G19,66794,
10,G20,75474,
10,G21,66450,
10,G22,73573,
10,G23,84963,
10,G24,136169,
10,H01,93460,
10,H02,48367,
10,H03,78749,
10,H04,70975,
10,H05,64334,
10,H06,76160,
10,H07,65824,
10,H08,74809,
10,H09,73386,
10,H10,73159,
10,H11,78129,
10,H12,81333,
10,H13,66335,
10,H14,55078,
10,H15,71978,
10,H16,72101,
10,H17,79743,
10,H18,99156,
10,H19,78840,
10,H20,64321,
10,H21,66863,
10,H22,65975,
10,H23,49327,
10,H24,90249,
10,I01,89656,
10,I02,78631,
10,I03,42987,
10,I04,38588,
10,I05,66429,
10,I06,71032,
10,I07,66866,
10,I08,76245,
10,I09,70027,
10,I10,46312,
10,I11,39246,
10,I12,76433,
10,I13,81828,
10,I14,81455,
10,I15,73052,
10,I16,79500,
10,I17,72899,
10,I18,76493,
10,I19,90748,
10,I20,84165,
10,I21,62162,
10,I22,75365,
10,I23,75244,
10,I24,154738,
10,J01,54850,
10,J02,64364,
10,J03,77432,
10,J04,62671,
10,J05,57677,
10,J06,72826,
10,J07,87693,
10,J08,51704,
10,J09,71998,
10,J10,81463,
10,J11,77483,
10,J12,65590,
10,J13,78231,
10,J14,80688,
10,J15,77099,
10,J16,71998,
10,J17,83048,
10,J18,73253,
10,J19,81199,
10,J20,70438,
10,J21,64855,
10,J22,57279,
10,J23,90359,
10,J24,57144,
10,K01,142900,
10,K02,86838,
10,K03,45145,
10,K04,38449,
10,K05,72179,
10,K06,84476,
10,K07,110785,
10,K08,86374,
10,K09,100991,
10,K10,49030,
10,K11,38246,
10,K12,93754,
10,K13,85541,
10,K14,94473,
10,K15,110001,
10,K16,112209,
10,K17,104879,
10,K18,110947,
10,K19,99339,
10,K20,92337,
10,K21,81986,
10,K22,79386,
10,K23,74014,
10,K24,118489,
10,L01,86465,
10,L02,48356,
10,L03,118987,
10,L04,104468,
10,L05,86531,
10,L06,96936,
10,L07,81360,
10,L08,84816,
10,L09,110667,
10,L10,90504,
10,L11,52010,
10,L12,91892,
10,L13,36144,
10,L14,75795,
10,L15,103733,
10,L16,75360,
10,L17,105887,
10,L18,104929,
10,L19,94582,
10,L20,104109,
10,L21,73099,
10,L22,83138,
10,L23,48068,
10,L24,68931,
10,M01,85769,
10,M02,65633,
10,M03,41825,
10,M04,35670,
10,M05,79716,
10,M06,73278,
10,M07,74961,
10,M08,80683,
10,M09,70653,
10,M10,47506,
10,M11,36771,
10,M12,78347,
10,M13,73502,
10,M14,74296,
10,M15,74935,
10,M16,80542,
10,M17,81977,
10,M18,79338,
10,M19,75620,
10,M20,69142,
10,M21,80883,
10,M22,78712,
10,M23,89046,
10,M24,180177,
10,N01,98272,
10,N02,72629,
10,N03,74780,
10,N04,68505,
10,N05,66270,
10,N06,79877,
10,N07,73191,
10,N08,72336,
10,N09,78028,
10,N10,80507,
10,N11,75851,
10,N12,69760,
10,N13,60973,
10,N14,77662,
10,N15,80163,
10,N16,88647,
10,N17,88561,
10,N18,39055,
10,N19,80575,
10,N20,71661,
10,N21,75583,
10,N22,47127,
10,N23,102262,
10,N24,137574,
10,O01,106518,
10,O02,82043,
10,O03,73724,
10,O04,72061,
10,O05,75648,
10,O06,102598,
10,O07,95039,
10,O08,91486,
10,O09,87101,
10,O10,95968,
10,O11,86317,
10,O12,87283,
10,O13,102031,
10,O14,85718,
10,O15,78704,
10,O16,100683,
10,O17,113356,
10,O18,94255,
10,O19,89665,
10,O20,89596,
10,O21,87596,
10,O22,81327,
10,O23,80970,
10,O24,104222,
10,P01,112063,
10,P02,101855,
10,P03,85638,
10,P04,70469,
10,P05,116419,
10,P06,77567,
10,P07,96506,
10,P08,109513,
10,P09,104365,
10,P10,117354,
10,P11,121779,
10,P12,157518,
10,P13,129161,
10,P14,69410,
10,P15,102460,
10,P16,157547,
10,P17,105793,
10,P18,124885,
10,P19,107979,
10,P20,109580,
10,P21,99156,
10,P22,122817,
10,P23,253497,
10,P24,256482,

,,PltRpt=1 Group=1 new alamar blue(1) De=1st Ex=Top Em=Top Wdw=N/A (14),
Plate,Well,Signal,
11,A01,339781,
11,A02,322843,
11,A03,301167,
11,A04,367241,
11,A05,300245,
11,A06,330522,
11,A07,87263,
11,A08,192853,
11,A09,309239,
11,A10,245090,
11,A11,349314,
11,A12,330977,
11,A13,169845,
11,A14,242533,
11,A15,112766,
11,A16,314293,
11,A17,181682,
11,A18,355715,
11,A19,166365,
11,A20,164574,
11,A21,113191,
11,A22,151293,
11,A23,114352,
11,A24,307411,
11,B01,170573,
11,B02,144945,
11,B03,117483,
11,B04,105993,
11,B05,83140,
11,B06,64845,
11,B07,43956,
11,B08,78330,
11,B09,83316,
11,B10,96832,
11,B11,51733,
11,B12,56000,
11,B13,76760,
11,B14,80639,
11,B15,134902,
11,B16,74827,
11,B17,99154,
11,B18,62825,
11,B19,72175,
11,B20,96208,
11,B21,86817,
11,B22,77845,
11,B23,101494,
11,B24,185577,
11,C01,79137,
11,C02,92037,
11,C03,43730,
11,C04,38101,
11,C05,70794,
11,C06,81333,
11,C07,78064,
11,C08,78343,
11,C09,82120,
11,C10,45869,
11,C11,38091,
11,C12,95628,
11,C13,68807,
11,C14,87446,
11,C15,76242,
11,C16,75618,
11,C17,75219,
11,C18,81860,
11,C19,75079,
11,C20,70315,
11,C21,71663,
11,C22,75291,
11,C23,83490,
11,C24,198061,
11,D01,106135,
11,D02,77154,
11,D03,87417,
11,D04,75569,
11,D05,64356,
11,D06,67854,
11,D07,74923,
11,D08,40989,
11,D09,73700,
11,D10,79533,
11,D11,85982,
11,D12,47555,
11,D13,81661,
11,D14,50785,
11,D15,98311,
11,D16,40914,
11,D17,59412,
11,D18,81109,
11,D19,75207,
11,D20,55434,
11,D21,74842,
11,D22,57319,
11,D23,100055,
11,D24,153490,
11,E01,170653,
11,E02,79377,
11,E03,42999,
11,E04,39685,
11,E05,81793,
11,E06,94551,
11,E07,66030,
11,E08,85625,
11,E09,73162,
11,E10,54200,
11,E11,40205,
11,E12,96907,
11,E13,73859,
11,E14,90962,
11,E15,73469,
11,E16,78531,
11,E17,79233,
11,E18,86549,
11,E19,68530,
11,E20,82909,
11,E21,77895,
11,E22,81854,
11,E23,77930,
11,E24,162479,
11,F01,160985,
11,F02,74885,
11,F03,76724,
11,F04,80232,
11,F05,90950,
11,F06,75776,
11,F07,89977,
11,F08,71806,
11,F09,50573,
11,F10,54473,
11,F11,85518,
11,F12,78746,
11,F13,96682,
11,F14,37096,
11,F15,78985,
11,F16,73477,
11,F17,83987,
11,F18,96325,
11,F19,80799,
11,F20,70781,
11,F21,72775,
11,F22,63363,
11,F23,101684,
11,F24,168822,
11,G01,129061,
11,G02,82146,
11,G03,44948,
11,G04,41602,
11,G05,74066,
11,G06,83155,
11,G07,78935,
11,G08,84494,
11,G09,91578,
11,G10,48260,
11,G11,40077,
11,G12,72883,
11,G13,95967,
11,G14,88436,
11,G15,89856,
11,G16,94300,
11,G17,79103,
11,G18,81272,
11,G19,91590,
11,G20,81158,
11,G21,81259,
11,G22,80093,
11,G23,117526,
11,G24,144896,
11,H01,114758,
11,H02,54531,
11,H03,74549,
11,H04,82379,
11,H05,68798,
11,H06,66439,
11,H07,58032,
11,H08,84152,
11,H09,84848,
11,H10,78748,
11,H11,106200,
11,H12,72748,
11,H13,49709,
11,H14,51324,
11,H15,74894,
11,H16,57527,
11,H17,77805,
11,H18,80390,
11,H19,71151,
11,H20,72595,
11,H21,52438,
11,H22,71463,
11,H23,62561,
11,H24,92892,
11,I01,108260,
11,I02,80080,
11,I03,50518,
11,I04,40087,
11,I05,79017,
11,I06,90838,
11,I07,88190,
11,I08,86318,
11,I09,86654,
11,I10,50123,
11,I11,39877,
11,I12,100378,
11,I13,83855,
11,I14,88258,
11,I15,82425,
11,I16,83522,
11,I17,82863,
11,I18,90611,
11,I19,77154,
11,I20,81700,
11,I21,76081,
11,I22,79104,
11,I23,96275,
11,I24,137605,
11,J01,52260,
11,J02,71737,
11,J03,81774,
11,J04,77523,
11,J05,66339,
11,J06,84278,
11,J07,99753,
11,J08,51175,
11,J09,60319,
11,J10,75687,
11,J11,91367,
11,J12,80311,
11,J13,78420,
11,J14,86067,
11,J15,93623,
11,J16,79354,
11,J17,91036,
11,J18,82282,
11,J19,86536,
11,J20,78596,
11,J21,59993,
11,J22,60018,
11,J23,74114,
11,J24,54614,
11,K01,141366,
11,K02,105211,
11,K03,47074,
11,K04,40901,
11,K05,71923,
11,K06,87805,
11,K07,88269,
11,K08,84207,
11,K09,90949,
11,K10,45113,
11,K11,37971,
11,K12,84927,
11,K13,90642,
11,K14,88872,
11,K15,103910,
11,K16,112682,
11,K17,94608,
11,K18,110384,
11,K19,93602,
11,K20,87907,
11,K21,111335,
11,K22,84572,
11,K23,87397,
11,K24,173589,
11,L01,130775,
11,L02,42535,
11,L03,80828,
11,L04,80245,
11,L05,86980,
11,L06,89635,
11,L07,77889,
11,L08,69983,
11,L09,102513,
11,L10,86171,
11,L11,52192,
11,L12,98481,
11,L13,37200,
11,L14,53378,
11,L15,94223,
11,L16,62633,
11,L17,103060,
11,L18,93331,
11,L19,77389,
11,L20,86203,
11,L21,55972,
11,L22,72327,
11,L23,49605,
11,L24,70049,
11,M01,86945,
11,M02,91008,
11,M03,44197,
11,M04,37199,
11,M05,82727,
11,M06,96038,
11,M07,90563,
11,M08,94263,
11,M09,100814,
11,M10,46089,
11,M11,39167,
11,M12,82754,
11,M13,89516,
11,M14,85132,
11,M15,94946,
11,M16,95553,
11,M17,96663,
11,M18,81585,
11,M19,82465,
11,M20,82365,
11,M21,73611,
11,M22,97830,
11,M23,99899,
11,M24,166266,
11,N01,169044,
11,N02,80107,
11,N03,72550,
11,N04,72885,
11,N05,74583,
11,N06,95935,
11,N07,123575,
11,N08,92954,
11,N09,105395,
11,N10,85038,
11,N11,84973,
11,N12,70208,
11,N13,70253,
11,N14,94705,
11,N15,84884,
11,N16,84775,
11,N17,73522,
11,N18,38384,
11,N19,81968,
11,N20,69653,
11,N21,73857,
11,N22,49167,
11,N23,129151,
11,N24,152267,
11,O01,150083,
11,O02,100632,
11,O03,84721,
11,O04,98449,
11,O05,115632,
11,O06,102683,
11,O07,104721,
11,O08,112006,
11,O09,104752,
11,O10,94195,
11,O11,114446,
11,O12,98165,
11,O13,110348,
11,O14,99878,
11,O15,110389,
11,O16,122205,
11,O17,117828,
11,O18,109959,
11,O19,75298,
11,O20,81242,
11,O21,80303,
11,O22,126540,
11,O23,114238,
11,O24,179944,
11,P01,236876,
11,P02,193204,
11,P03,115934,
11,P04,92909,
11,P05,111233,
11,P06,150703,
11,P07,141680,
11,P08,158576,
11,P09,129944,
11,P10,175096,
11,P11,156049,
11,P12,187167,
11,P13,174626,
11,P14,77749,
11,P15,179759,
11,P16,145212,
11,P17,195472,
11,P18,125976,
11,P19,144032,
11,P20,205889,
11,P21,121231,
11,P22,154453,
11,P23,173451,
11,P24,178770,

,,PltRpt=1 Group=1 new alamar blue(1) De=1st Ex=Top Em=Top Wdw=N/A (14),
Plate,Well,Signal,
12,A01,279425,
12,A02,315078,
12,A03,328994,
12,A04,153021,
12,A05,378215,
12,A06,318452,
12,A07,347955,
12,A08,367198,
12,A09,121108,
12,A10,249624,
12,A11,173388,
12,A12,168513,
12,A13,91244,
12,A14,338529,
12,A15,124782,
12,A16,175594,
12,A17,332621,
12,A18,359288,
12,A19,341582,
12,A20,344912,
12,A21,316740,
12,A22,354763,
12,A23,358744,
12,A24,349615,
12,B01,264938,
12,B02,95311,
12,B03,101036,
12,B04,54465,
12,B05,79617,
12,B06,75602,
12,B07,37710,
12,B08,83627,
12,B09,104449,
12,B10,79017,
12,B11,57325,
12,B12,51147,
12,B13,99138,
12,B14,76426,
12,B15,76560,
12,B16,83829,
12,B17,116860,
12,B18,57484,
12,B19,165794,
12,B20,124313,
12,B21,128668,
12,B22,82583,
12,B23,128186,
12,B24,310052,
12,C01,249892,
12,C02,171932,
12,C03,46378,
12,C04,39174,
12,C05,85048,
12,C06,80414,
12,C07,80487,
12,C08,80969,
12,C09,68349,
12,C10,41519,
12,C11,39640,
12,C12,93466,
12,C13,77765,
12,C14,84475,
12,C15,67700,
12,C16,73153,
12,C17,74365,
12,C18,94586,
12,C19,88511,
12,C20,84061,
12,C21,84433,
12,C22,117063,
12,C23,153478,
12,C24,357396,
12,D01,199099,
12,D02,133334,
12,D03,100799,
12,D04,82142,
12,D05,59439,
12,D06,48212,
12,D07,69131,
12,D08,39849,
12,D09,78473,
12,D10,73820,
12,D11,105454,
12,D12,48077,
12,D13,80438,
12,D14,47920,
12,D15,75215,
12,D16,39625,
12,D17,46313,
12,D18,78334,
12,D19,87033,
12,D20,56320,
12,D21,77822,
12,D22,66789,
12,D23,86286,
12,D24,232351,
12,E01,333897,
12,E02,88921,
12,E03,53176,
12,E04,38112,
12,E05,72748,
12,E06,80389,
12,E07,80706,
12,E08,82251,
12,E09,79380,
12,E10,42245,
12,E11,38388,
12,E12,95673,
12,E13,73842,
12,E14,71021,
12,E15,74678,
12,E16,84466,
12,E17,79047,
12,E18,91978,
12,E19,70132,
12,E20,77516,
12,E21,99584,
12,E22,95780,
12,E23,121734,
12,E24,262262,
12,F01,302602,
12,F02,105668,
12,F03,113480,
12,F04,68858,
12,F05,92902,
12,F06,79318,
12,F07,86193,
12,F08,68243,
12,F09,50524,
12,F10,60021,
12,F11,95345,
12,F12,88662,
12,F13,91434,
12,F14,37672,
12,F15,87773,
12,F16,69916,
12,F17,92895,
12,F18,87329,
12,F19,89392,
12,F20,72774,
12,F21,76928,
12,F22,79031,
12,F23,193638,
12,F24,214436,
12,G01,214845,
12,G02,192962,
12,G03,45623,
12,G04,40818,
12,G05,80821,
12,G06,106860,
12,G07,80013,
12,G08,85234,
12,G09,91873,
12,G10,39847,
12,G11,39158,
12,G12,85820,
12,G13,93445,
12,G14,98978,
12,G15,78591,
12,G16,85694,
12,G17,72177,
12,G18,92585,
12,G19,68821,
12,G20,81086,
12,G21,93874,
12,G22,85248,
12,G23,96393,
12,G24,211856,
12,H01,115310,
12,H02,45813,
12,H03,77274,
12,H04,90644,
12,H05,78470,
12,H06,76366,
12,H07,65891,
12,H08,74848,
12,H09,80524,
12,H10,83144,
12,H11,113813,
12,H12,85786,
12,H13,50595,
12,H14,46602,
12,H15,76912,
12,H16,60486,
12,H17,80481,
12,H18,80618,
12,H19,67653,
12,H20,81035,
12,H21,64412,
12,H22,77875,
12,H23,64781,
12,H24,158010,
12,I01,206544,
12,I02,114303,
12,I03,51680,
12,I04,42013,
12,I05,85581,
12,I06,79681,
12,I07,84569,
12,I08,100739,
12,I09,89773,
12,I10,50963,
12,I11,38505,
12,I12,82848,
12,I13,78777,
12,I14,67188,
12,I15,88657,
12,I16,80259,
12,I17,73802,
12,I18,80227,
12,I19,77714,
12,I20,98247,
12,I21,88551,
12,I22,76317,
12,I23,163410,
12,I24,207996,
12,J01,40215,
12,J02,61673,
12,J03,82651,
12,J04,76176,
12,J05,61470,
12,J06,70767,
12,J07,95241,
12,J08,46974,
12,J09,59923,
12,J10,99419,
12,J11,92921,
12,J12,69119,
12,J13,74497,
12,J14,79588,
12,J15,123888,
12,J16,80873,
12,J17,98299,
12,J18,73414,
12,J19,108585,
12,J20,76779,
12,J21,62262,
12,J22,65021,
12,J23,72873,
12,J24,108680,
12,K01,172269,
12,K02,130376,
12,K03,44536,
12,K04,39809,
12,K05,90082,
12,K06,89744,
12,K07,89217,
12,K08,80237,
12,K09,85070,
12,K10,53145,
12,K11,39533,
12,K12,74984,
12,K13,86309,
12,K14,91552,
12,K15,89085,
12,K16,82339,
12,K17,72771,
12,K18,86327,
12,K19,73933,
12,K20,85810,
12,K21,87887,
12,K22,97028,
12,K23,121263,
12,K24,141384,
12,L01,74546,
12,L02,37935,
12,L03,86715,
12,L04,84399,
12,L05,95659,
12,L06,73263,
12,L07,75285,
12,L08,64796,
12,L09,80034,
12,L10,74310,
12,L11,50731,
12,L12,81376,
12,L13,36533,
12,L14,47775,
12,L15,85658,
12,L16,50880,
12,L17,86128,
12,L18,87621,
12,L19,81938,
12,L20,75254,
12,L21,64033,
12,L22,88571,
12,L23,71082,
12,L24,141888,
12,M01,172229,
12,M02,120545,
12,M03,43900,
12,M04,39472,
12,M05,89280,
12,M06,88869,
12,M07,84189,
12,M08,83084,
12,M09,79589,
12,M10,52878,
12,M11,40932,
12,M12,93463,
12,M13,85560,
12,M14,137996,
12,M15,78785,
12,M16,72486,
12,M17,83865,
12,M18,89568,
12,M19,84025,
12,M20,83788,
12,M21,102480,
12,M22,88559,
12,M23,124964,
12,M24,210601,
12,N01,189949,
12,N02,93166,
12,N03,84893,
12,N04,83155,
12,N05,70260,
12,N06,72286,
12,N07,74815,
12,N08,74115,
12,N09,85160,
12,N10,77385,
12,N11,103810,
12,N12,70155,
12,N13,67690,
12,N14,84486,
12,N15,72227,
12,N16,59521,
12,N17,71431,
12,N18,37403,
12,N19,75181,
12,N20,81337,
12,N21,83754,
12,N22,73288,
12,N23,116694,
12,N24,228344,
12,O01,154348,
12,O02,164727,
12,O03,95323,
12,O04,130439,
12,O05,102914,
12,O06,79678,
12,O07,111055,
12,O08,86626,
12,O09,86897,
12,O10,100007,
12,O11,90197,
12,O12,65500,
12,O13,149301,
12,O14,151054,
12,O15,111891,
12,O16,136792,
12,O17,142055,
12,O18,137065,
12,O19,79238,
12,O20,101021,
12,O21,97693,
12,O22,88851,
12,O23,93702,
12,O24,147962,
12,P01,153358,
12,P02,183516,
12,P03,102183,
12,P04,136099,
12,P05,189850,
12,P06,98639,
12,P07,215191,
12,P08,149248,
12,P09,117696,
12,P10,117857,
12,P11,168092,
12,P12,191409,
12,P13,206681,
12,P14,126611,
12,P15,139134,
12,P16,172215,
12,P17,244732,
12,P18,205719,
12,P19,179065,
12,P20,117678,
12,P21,115141,
12,P22,157496,
12,P23,139790,
12,P24,212146,

Plate information 
Plate,Repeat,Barcode,Measured height,Inside temperature at start,Inside temperature at end,Humidity at start,Humidity at end,Ambient temperature at start,Ambient temperature at end,Measurement date,
1,1,,14.68,23.05,23.07,54.3,54.1,23.15,23.17,5/2/2022 10:47:24 AM,
2,1,,14.73,23.05,23.17,53.8,53.8,23.25,23.27,5/2/2022 10:48:33 AM,
3,1,,14.68,23.15,23.15,54,54,23.15,23.15,5/2/2022 10:49:44 AM,
4,1,,14.68,23.15,23.17,53.8,54,23.25,23.17,5/2/2022 10:50:57 AM,
5,1,,14.68,23.15,23.27,54.1,54,22.95,23.17,5/2/2022 10:52:08 AM,
6,1,,14.68,23.25,23.25,53.8,53.8,23.25,23.15,5/2/2022 10:53:17 AM,
7,1,,14.73,23.25,23.25,54.4,54.4,22.57,22.86,5/2/2022 10:56:00 AM,
8,1,,14.68,23.25,23.25,54.1,54.4,23.05,22.95,5/2/2022 10:57:05 AM,
9,1,,14.73,23.25,23.25,54.4,54.4,22.86,22.86,5/2/2022 10:58:12 AM,
10,1,,14.73,23.34,23.34,54.3,54.6,22.86,22.86,5/2/2022 10:59:19 AM,
11,1,,14.73,23.34,23.36,54.4,54.3,22.95,23.17,5/2/2022 11:00:28 AM,
12,1,,14.68,23.34,23.36,54.3,54.3,22.95,23.07,5/2/2022 11:01:44 AM,


Background information
Plate,Label,Result,Signal,Flashes/Time,Meastime,MeasInfo,
1,new alamar blue,0,1563,1,00:00:00.000,De=1st Ex=Top Em=Top Wdw=N/A (14),
2,new alamar blue,0,1528,1,00:00:00.000,De=1st Ex=Top Em=Top Wdw=N/A (14),
3,new alamar blue,0,1564,1,00:00:00.000,De=1st Ex=Top Em=Top Wdw=N/A (14),
4,new alamar blue,0,1434,1,00:00:00.000,De=1st Ex=Top Em=Top Wdw=N/A (14),
5,new alamar blue,0,1366,1,00:00:00.000,De=1st Ex=Top Em=Top Wdw=N/A (14),
6,new alamar blue,0,1598,1,00:00:00.000,De=1st Ex=Top Em=Top Wdw=N/A (14),
7,new alamar blue,0,1406,1,00:00:00.000,De=1st Ex=Top Em=Top Wdw=N/A (14),
8,new alamar blue,0,1430,1,00:00:00.000,De=1st Ex=Top Em=Top Wdw=N/A (14),
9,new alamar blue,0,1522,1,00:00:00.000,De=1st Ex=Top Em=Top Wdw=N/A (14),
10,new alamar blue,0,1556,1,00:00:00.000,De=1st Ex=Top Em=Top Wdw=N/A (14),
11,new alamar blue,0,1501,1,00:00:00.000,De=1st Ex=Top Em=Top Wdw=N/A (14),
12,new alamar blue,0,1359,1,00:00:00.000,De=1st Ex=Top Em=Top Wdw=N/A (14),


Basic assay information 
Assay ID: ,,,,23250
Assay Started: ,,,,5/2/2022 10:46:36 AM
Assay Finished: ,,,,5/2/2022 11:02:11 AM
Assay Exported: ,,,,5/2/2022 1:51:10 PM
Protocol ID: ,,,,100177
Protocol Name: ,,,,TRF-384 Alamar blue+BS+nbw
Serial#: ,,,,="1020141"



Protocol information
Protocol:
Protocol name,,,,TRF-384 Alamar blue+BS+nbw
Number of assay repeats,,,,1
Start assay repeat each,,,,N/A
Number of plate repeats,,,,1
Start plate repeat each,,,,N/A
Is label meas. height used,,,,Yes
Height of measurement,,,,Defined in label
Is gripper height used,,,,No
Mode of measurement,,,,By Rows  bi-directional
Rotated plate,,,,No
Soft move,,,,No
Protocol notes,,,, 

Plate type:
Name of the plate type,,,,Jaffe 384 General
Number of rows,,,,16
Number of columns,,,,24
Number of the wells in the plate,,,,384
Height of the plate,,,,14.35 mm

Coordinates of corners:
Jaffe 384 General
12.13 mm x------------------------------------------------------ x 115.63 mm
8.99 mm                                                            8.99 mm

12.13 mm x------------------------------------------------------ x 115.63 mm
76.49 mm                                                           76.49 mm

Platemap:
Plate,,,,1
Group,,,,1

,01,02,03,04,05,06,07,08,09,10,11,12,13,14,15,16,17,18,19,20,21,22,23,24,
A,- ,- ,- ,- ,- ,- ,- ,- ,- ,- ,- ,- ,- ,- ,- ,- ,- ,- ,- ,- ,- ,- ,- ,- 
B,- ,- ,- ,- ,- ,- ,- ,- ,- ,- ,- ,- ,- ,- ,- ,- ,- ,- ,- ,- ,- ,- ,- ,- 
C,- ,- ,- ,- ,- ,- ,- ,- ,- ,- ,- ,- ,- ,- ,- ,- ,- ,- ,- ,- ,- ,- ,- ,- 
D,- ,- ,- ,- ,- ,- ,- ,- ,- ,- ,- ,- ,- ,- ,- ,- ,- ,- ,- ,- ,- ,- ,- ,- 
E,- ,- ,- ,- ,- ,- ,- ,- ,- ,- ,- ,- ,- ,- ,- ,- ,- ,- ,- ,- ,- ,- ,- ,- 
F,- ,- ,- ,- ,- ,- ,- ,- ,- ,- ,- ,- ,- ,- ,- ,- ,- ,- ,- ,- ,- ,- ,- ,- 
G,- ,- ,- ,- ,- ,- ,- ,- ,- ,- ,- ,- ,- ,- ,- ,- ,- ,- ,- ,- ,- ,- ,- ,- 
H,- ,- ,- ,- ,- ,- ,- ,- ,- ,- ,- ,- ,- ,- ,- ,- ,- ,- ,- ,- ,- ,- ,- ,- 
I,- ,- ,- ,- ,- ,- ,- ,- ,- ,- ,- ,- ,- ,- ,- ,- ,- ,- ,- ,- ,- ,- ,- ,- 
J,- ,- ,- ,- ,- ,- ,- ,- ,- ,- ,- ,- ,- ,- ,- ,- ,- ,- ,- ,- ,- ,- ,- ,- 
K,- ,- ,- ,- ,- ,- ,- ,- ,- ,- ,- ,- ,- ,- ,- ,- ,- ,- ,- ,- ,- ,- ,- ,- 
L,- ,- ,- ,- ,- ,- ,- ,- ,- ,- ,- ,- ,- ,- ,- ,- ,- ,- ,- ,- ,- ,- ,- ,- 
M,- ,- ,- ,- ,- ,- ,- ,- ,- ,- ,- ,- ,- ,- ,- ,- ,- ,- ,- ,- ,- ,- ,- ,- 
N,- ,- ,- ,- ,- ,- ,- ,- ,- ,- ,- ,- ,- ,- ,- ,- ,- ,- ,- ,- ,- ,- ,- ,- 
O,- ,- ,- ,- ,- ,- ,- ,- ,- ,- ,- ,- ,- ,- ,- ,- ,- ,- ,- ,- ,- ,- ,- ,- 
P,- ,- ,- ,- ,- ,- ,- ,- ,- ,- ,- ,- ,- ,- ,- ,- ,- ,- ,- ,- ,- ,- ,- ,- 

 - - Undefined

Calculations:
No calculations.

Auto export parameters:
Export format,,,,Plate2
Include basic assay information,,,,Yes
Place assay information at,,,,End of file
Include basic plate information,,,,Yes
Place plate information at,,,,End of plate
Include protocol information,,,,Yes
Protocol info level,,,,Large
Include error and warning information,,,,Yes
Include background information,,,,Yes
Add plate number to the file name,,,,Yes
Each plate to separate file,,,,No
Field separator to use,,,,System
File name format,,,,<DefaultDataFolder>\<Date>\<ProtocolName>_<AssayID>.csv

Operations:
Plate 1
  Group 1
    Measurement
      Label,,,,new alamar blue(1)

Labels:
new alamar blue,,,,4000013
Top mirror,,,,General
Bottom mirror,,,,N/A
Exc. filter,,,,Photometric 530
Using of excitation filter,,,,Top
2nd exc. filter,,,,N/A
Using of 2nd excitation filter,,,,Top
Ems. filter,,,,Photometric 590
2nd ems. filter,,,,N/A
Measurement height,,,,6.5 mm
Number of flashes,,,,1
Number of flashes integrated,,,,1
PMT gain,,,,1
Excitation light,,,,0%
Reference excitation light,,,,100%
Emission light,,,,100%
Reference AD gain,,,,2
Reference signal,,,,256388
Last edited,,,,10/13/2006 11:04:00 AM
Last edited by,,,,EnVision
Factory preset,,,,No

Filters:
Photometric 530,,,,310
Filter type,,,,Excitation
Description,,,,P530 CWL=530nm BW=8nm Tmin=55%
Used with,,,,Absorbance DELFIA - Time-resolved Fluorescence Fluorescence Intensity Fluorescence Polarization LANCE - Time-resolved Fluorescence
Last edited,,,,8/19/2014 4:24:21 PM
Last edited by,,,,Installation
Factory preset,,,,Yes

Photometric 590,,,,314
Filter type,,,,Excitation
Description,,,,P590 CWL=590nm BW=8nm Tmin=40%
Used with,,,,Absorbance DELFIA - Time-resolved Fluorescence Fluorescence Intensity Fluorescence Polarization LANCE - Time-resolved FluorescenceAbsorbance DELFIA - Time-resolved Fluorescence Fluorescence Intensity Fluorescence Polarization LANCE - Time-resolved Fluorescence
Last edited,,,,8/19/2014 4:24:21 PM
Last edited by,,,,Installation
Factory preset,,,,Yes

Mirror modules:
General,,,,401
Used by,,,,Top
Dual,,,,No
Bias,,,,No
Description,,,,BS50
Used with,,,,Luminescence DELFIA - Time-resolved Fluorescence Fluorescence Intensity Fluorescence Polarization LANCE - Time-resolved Fluorescence
Last edited,,,,8/19/2014 4:24:21 PM
Last edited by,,,,Installation
Factory preset,,,,Yes

Instrument:
Serial number,,,,1020141
Nickname,,,,EnVision




Assay notifications:
INFO: Assay aborted at plate 12  plate repeat 1 and well P01. There may be missing results



Exported with EnVision Workstation version 1.13.3009.1409
